1 ,35.4525944 ,139.6428944 ,赤レンガパーク
2 ,35.2524789 ,139.5967682 ,秋谷港
3 ,35.2396639 ,139.6222585 ,芦名港
4 ,35.2845912 ,139.5683926 ,あぶずり港
5 ,35.1595489 ,139.6159306 ,油壺
8 ,35.1947658 ,139.6010383 ,荒崎
9 ,34.8066047 ,135.4462755 ,石橋堤防
10 ,35.4024443 ,139.6432535 ,磯子海づり施設
11 ,35.1740009 ,139.129725 ,岩港
12 ,35.5214973 ,139.7879868 ,浮島町公園
14 ,35.2766942 ,139.6829213 ,うみかぜ公園
15 ,35.3385836 ,139.63468 ,海の公園
16 ,35.2686944 ,139.6904864 ,海辺つり公園
17 ,35.296075 ,139.2522208 ,梅沢堤防
18 ,35.2483823 ,139.7102847 ,浦賀港
20 ,35.1877697 ,139.129725 ,江之浦港
21 ,35.3061798 ,139.3184041 ,大磯港
22 ,35.1483099 ,139.6791185 ,大浦海岸
25 ,35.1474164 ,139.617164 ,海外港
26 ,35.3071228 ,139.4812911 ,片瀬漁港
27 ,35.4206282 ,139.8970994 ,金田海岸
28 ,35.147627 ,139.1560752 ,釜の口
29 ,35.5308325 ,139.7029125 ,川崎新堤
30 ,35.256174 ,139.7392041 ,観音崎
31 ,36.3080724 ,138.9853694 ,観音山
32 ,35.1790306 ,139.6546107 ,菊名海岸
33 ,35.220084 ,139.7153483 ,久里浜港
35 ,35.1939586 ,139.6091197 ,栗谷浜港
36 ,35.1831279 ,139.6142095 ,黒崎の鼻
37 ,35.1656451 ,139.6172944 ,小網代堤防
38 ,35.2776565 ,139.2085294 ,国府津海岸
39 ,35.3026155 ,139.5611003 ,小坪港
40 ,35.1322398 ,132.3894603 ,琴ヶ浜
41 ,35.2111784 ,139.1196137 ,米神大根
42 ,35.2151583 ,139.1420314 ,米神堤防
43 ,35.2621041 ,139.1864646 ,酒匂海岸
44 ,35.487287572347 ,139.253883484389 ,相模川河口
45 ,35.2236757 ,139.6082375 ,佐島沖堤
46 ,35.3002687 ,139.4838116 ,湘南港
47 ,35.1512199 ,139.6197494 ,白須護岸
49 ,35.2701841 ,139.5711646 ,真名瀬港
50 ,35.137378 ,139.6129707 ,J'sフィッシング
51 ,35.1342601 ,139.6209837 ,城ヶ島
52 ,35.1328574 ,139.6121808 ,城ヶ島・ヒナダン
53 ,35.31974 ,139.3661 ,須賀港
55 ,35.4500903 ,139.6954051 ,大黒海づり施設
56 ,35.31836 ,139.406304 ,茅ヶ崎海岸
57 ,35.5108316 ,139.7590321 ,ちどり公園
58 ,40.474935 ,116.53419 ,対石
59, 35.1407714, 139.6785693, 剱崎
60, 35.428599, 139.677412, D突堤
61, 35.2569495, 139.5791546, トンビ磯
62, 35.2077454, 139.6103425, 長井港
63, 35.2007494, 139.6171596, 長井護岸
64, 35.2114175, 139.678376, 長沢海岸
65, 35.4049113, 139.6307975, 根岸港
66, 35.202526, 139.138644, 根府川大根
67, 35.327395, 139.6350801, 野島公園
68, 35.208533, 139.6890529, 野比海岸
69, 35.264909, 139.730875, 旗山崎
70, 35.2400005, 139.1475892, 早川港
71, 35.2636, 139.5789, 葉山一色海岸
72, 35.1429518, 139.156858, 番場浦
73, 35.4869293, 139.7438112, 東扇島西公園
74, 35.402565578365, 139.459314307935, 引地川河口
75, 35.3352157, 139.3494949, 平塚新港
76, 35.1412452, 139.6528614, 毘沙門港
77, 35.3095736, 139.6387209, 深浦湾
78, 35.3520034, 139.6568315, 福浦岸壁
79, 37.0798584, 136.7403492, 福浦港
80, 35.1451534, 139.614701, 二町谷港
81, 35.47893, 139.6892, ふれーゆ裏
82, 35.4301637, 139.6866373, 本牧海釣り施設
83, 35.2406692, 139.596312, 凡天の鼻
84, 35.1458628, 139.6789284, 間口港
85, 35.1438343, 139.668299, 松輪港
86, 35.1584376, 139.1371349, 真鶴港
87, 35.1409377, 139.6164291, みうら海王
88, 33.3904371, 132.1176459, 三崎港
89, 35.5045216, 139.7424557, 水江町公園
90, 35.1374606, 139.1636448, 三ツ石
91, 35.1725586, 139.6273579, 三戸海岸
92, 35.1735441, 139.6202582, 三戸浜堤防
93, 35.2635343, 139.6847564, 三春町岸壁
94, 35.1418447, 139.6376409, 宮川港
95, 35.1529762, 139.6158849, 諸磯
96, 35.1503587, 139.6136476, 屋志倉
97, 35.3183896, 139.3849908, 柳島海岸
98, 35.4457655, 139.6497793, 山下公園
99, 35.1478719, 139.1083302, 湯河原海浜公園
100, 35.1616667, 139.6155556, 横堀海岸
101, 35.461087, 139.6368906, 臨港パーク
102, 35.1906528, 139.6148426, 和田長浜海岸
103, 34.3964739, 132.452577, 相生橋
104, 35.6081652, 139.7913997, 暁ふ頭公園
105, 35.6521556, 139.7723039, 朝潮運河
106, 35.6272008, 139.7943775, 有明西ふ頭公園
107, 35.6710008, 139.7857007, 石川島公園
108, 35.6749086, 139.788355, 永代公園
109, 35.6687489, 139.7897371, 越中島公園
110, 35.5541702186638, 139.752430645688, 海老取川
111, 35.61607, 139.7756369, 青海南ふ頭公園
112, 35.6300488, 139.7756912, お台場海浜公園
113, 35.6419847, 139.8603206, 葛西臨海公園
114, 35.6622724, 139.7748977, 勝鬨橋
115, 35.6745191113828, 139.89826229144, 旧江戸川河口
116, 35.628072, 139.75431, 京浜運河
117, 35.5701303, 139.7697971, 京浜島つばさ公園
118, 35.6607928, 139.8119973, 汐見運河
119, 35.6550395, 139.8087475, 潮見運動公園
120, 35.6552989, 139.8147362, 潮見さざなみ公園
121, 35.6457676, 139.8064979, 東雲水辺公園
122, 35.642127, 139.823514, 新木場公園
123, 35.6405733, 139.8405881, 新木場緑道公園
124, 35.580399, 139.7854262, 城南島海浜公園
125, 35.678633, 139.8452654, 砂町水辺公園
126, 35.6621569, 139.7769998, 月島川
127, 35.6697609, 139.7830242, 佃公園
128, 35.5776635, 139.7556839, 東海埠頭公園
129, 35.6531444, 139.7724821, 豊海運動公園
130, 35.6407754, 139.777692, 豊洲ぐるり公園
131, 35.6480641, 139.7712851, 晴海ふ頭公園
132, 35.625004, 139.7827147, 水の広場公園
133, 35.647501, 139.8303145, 夢の島緑道公園
134, 35.6196388, 139.8336082, 若洲海浜公園
135, 35.6325831, 139.8362485, 若洲橋
136, 35.2374703, 140.3946506, 大原港
137, 35.7004676, 140.7299857, 飯岡港
138, 35.5349984, 140.4385684, 片貝港
139, 35.2781048, 139.8511123, 大貫港
140, 34.9152192, 139.9251571, 乙浜港
141, 35.0290908, 139.8470483, 船形港
142, 35.3284594, 139.8286624, 富津新港
143, 34.9861123, 139.8426428, 館山港
144, 35.1133206, 140.0990322, 鴨川港
145, 34.9393942, 139.8198229, 平砂浦
146, 35.1375885, 140.2749176, 鵜原海岸
147, 35.1351478, 140.2790572, 鵜原港
148, 35.6190963, 139.8987359, 浦安クリーンセンター側
149, 35.8902795161489, 139.86503700408, 江戸川放水路
150, 35.6953392, 139.9302825, 江戸川放水路上妙典付近
151, 35.0625108, 140.0611269, 江見港
152, 34.9763449, 139.8278569, 大賀堤防
153, 35.1169004, 140.219515, 大沢港
154, 35.2781048, 139.8511123, 大貫港
155, 35.1294082, 140.2491038, 興津港
156, 35.1346084, 140.2525193, 興津東港
157, 34.9907293, 139.8249585, 沖ノ島公園
158, 34.9152192, 139.9251571, 乙浜港
159, 35.3087321866199, 140.018891220533, 小櫃川河口
160, 35.1916097, 140.3485902, 御宿港
161, 35.7328472, 140.3591211, 海水魚の釣堀 コリュッシュ
162, 35.2240423, 139.8705809, 上総湊港
163, 35.5349984, 140.4385684, 片貝港
164, 33.6277772, 135.9457439, 勝浦港
165, 35.1617411, 139.6579635, 金田港
166, 35.170832, 139.8176765, 金谷フェリー港
167, 35.1133206, 140.0990322, 鴨川港
168, 34.904373, 139.8712008, 川下港
169, 35.1445419, 140.3263025, 川津港
170, 35.3768514, 139.8890749, 木更津沖堤
171, 35.386778, 139.9164898, 木更津港・内港
172, 35.3732677, 139.9127086, 木更津潮浜緑地公園
173, 35.259633, 139.127578, 旧わんぱくランド前
174, 35.682604, 139.914142, 行徳港
175, 35.1607457, 140.2991729, 串浜港
176, 35.514495, 140.43899, 九十九里海釣りセンター
177, 35.7248584903152, 140.495465041774, 栗山川河口
178, 24.2339257, 124.0140113, 黒島
179, 35.4210337, 139.9033788, 畔戸港
180, 35.7317484, 140.869529, 黒生港
181, 34.9746864, 139.7929198, 見物堤防
182, 35.27752361, 139.9418796, 小糸川港
183, 34.9726509, 139.8214611, 香谷堤防
184, 35.1131418, 140.2012694, 小湊海岸
185, 35.1131418, 140.2012694, 小湊港
186, 35.5199386, 140.0829646, 五井堤防
187, 34.9685923, 139.8112293, 塩見堤防
188, 35.303585, 139.821701, 下洲港
189, 34.9264, 139.9411891, 白間津港
190, 35.1229277, 140.1688826, 城崎海岸
191, 35.1556565, 140.3302247, 新官港
192, 34.9892138, 139.8425386, 自衛隊堤防
193, 34.9040589, 139.8467934, 砂取港
194, 34.9754907, 139.7578079, 洲崎灯台下
195, 34.9321452, 139.9545614, 千田港
196, 35.4558405, 139.9539727, 袖ヶ浦海浜公園
197, 35.329142, 140.401563, 太東港
198, 35.3078507, 140.4144879, 太東崎
199, 35.0640067, 140.0791107, 太夫崎港
200, 35.631831, 139.9208351, 高洲海浜公園
201, 35.1844741, 139.8598461, 竹岡港
202, 34.9861123, 139.8426428, 館山港
203, 34.95734, 139.9622, 千倉港
204, 35.7387698, 140.8671507, 銚子外港
205, 35.738573, 140.844982, 銚子港
206, 35.738758, 140.8525169, 銚子第二漁港
207, 35.704227, 140.840653, 銚子マリーナ
208, 35.1174113, 140.1241997, 東条海岸
209, 35.6986029, 140.8559143, 外川港
210, 35.0460623, 139.837813, 富浦港
211, 35.0394455, 139.8220988, 富浦新港
212, 35.3819289, 139.9136165, 鳥居崎海浜公園
213, 35.3853488, 139.9114309, 中の島公園
214, 35.2981624, 139.6357032, 長浦港
215, 35.4490011, 139.9854087, 長浦突堤・第一第二堤防
216, 35.4490011, 139.9854087, 長浦突堤・第三堤防
217, 34.9040129, 139.8421239, 根本港
218, 35.1986985, 139.8316947, 萩生港
219, 34.9702993, 139.7805445, 波左間堤防
220, 35.1188086, 140.1441655, 浜荻港
221, 34.9718423, 139.8048354, 浜田堤防
222, 35.1232315, 140.2270183, 浜行川港
223, 34.9060808, 139.9076239, 原港
224, 34.9708658, 139.7703197, 坂田堤防
225, 36.3643693, 140.6145512, 平磯港
226, 35.692581, 140.7440359, 屏風ヶ浦
227, 33.3770136, 130.5699199, 二タ間海岸
228, 35.3040598, 139.8571263, 富津北港
229, 35.3284594, 139.8286624, 富津新港
230, 35.3128613, 139.7838918, 富津岬
231, 35.0766644, 140.0976723, 太海フラワー磯釣りセンター
232, 35.0290908, 139.8470483, 船形港
233, 35.6883438, 139.9873737, 船橋港
234, 35.6725847, 139.966955, ふなばし三番瀬海浜公園
235, 34.9393942, 139.8198229, 平砂浦
236, 34.9551867, 139.9651441, 平館港
237, 35.1593853, 140.3322612, 部原港
238, 35.0021209, 139.859085, 北条海岸
239, 35.1313954, 139.8378568, 保田港
240, 35.6353645, 140.5681762, 堀川浜・今泉浜・野手浜
241, 35.0984149, 140.1054524, 前原フィッシャリーナ
242, 35.1546978, 140.2837041, 松部港
243, 35.2024861, 140.3932615, ママ岬
244, 35.0285248, 139.8379405, 丸山堤防
245, 35.0078414, 139.9783181, 三島海岸
246, 35.4276409, 139.9031954, 見立港
247, 35.1549211, 139.8160406, 明鐘岬
248, 35.5343455683538, 140.183294255077, 村田川河口
249, 35.1399129, 140.2904987, めがね岩
250, 34.9213483, 139.8244348, 布良港
251, 35.1380889, 140.2616354, 守谷海岸
252, 35.3651654064328, 140.131844394647, 養老川河口
253, 35.1374411, 140.2867327, 吉尾港
254, 35.1236976, 140.1859291, 寄浦港
255, 36.3755807, 140.6197348, 磯崎港
256, 36.5784228, 140.6547346, 会瀬港
257, 36.3080621, 140.57392, 大洗港
258, 36.3080621, 140.57392, 大洗港魚釣り園
259, 36.8467745, 140.7780755, 大津港
260, 35.933409, 140.697824, 鹿島港・アンモニア岸壁
261, 35.9378689, 140.7006794, 鹿島港魚釣園
262, 35.933409, 140.697824, 鹿島港・中央公共埠頭
263, 35.933409, 140.697824, 鹿島港・ポートラジオ
264, 35.9135583, 140.6722722, 鹿島港・港公園
265, 36.6498472, 140.7001177, 川尻港
266, 36.5415008, 140.6451292, 河原子港
267, 36.7617207821902, 140.47239462283, 久慈川河口
268, 40.1979484, 141.8049011, 久慈港
269, 36.5092562, 140.632019, 古房地鼻
270, 36.6236035, 140.6849128, 田尻浜堤防
271, 36.7112965664961, 140.246053312088, 那珂川河口
272, 36.3417175, 140.5964965, 那珂湊港
273, 35.872128, 140.7386882, 日川浜
274, 35.7530782, 140.8323027, 波崎海岸
275, 35.7463521, 140.8430528, 波崎港
276, 35.7446932, 140.8443317, 波崎新港
277, 36.7234122227586, 140.643114161941, 花貫川河口
278, 36.4931201, 140.6186388, 日立港・なぎさ公園
279, 36.3643693, 140.6145512, 平磯港
280, 36.8565877, 140.7935272, 平潟港
281, 40.8904419, 140.8581844, 浅虫海づり公園
282, 40.7852225, 140.2075832, 鯵ヶ沢漁港
283, 40.7528685, 140.0904194, 北金ヶ沢漁港
284, 41.1207451, 140.2672618, 下前漁港
285, 40.8170032, 140.262107, 七里長浜港
286, 40.994557, 140.354393, 車力漁港
287, 41.0296341, 140.3587104, 十三湖河口
288, 38.9931118, 141.6222547, 長部漁港公園
289, 39.0879094, 141.8110427, 鬼沢漁港
290, 39.0559388, 141.5899717, 気仙川
291, 39.0782957, 141.8223036, 小石浜漁港
292, 38.9888571, 141.7383305, 碁石海岸
293, 39.0743938, 141.8409906, 砂小浜漁港
294, 39.7345203, 141.9776967, 田老漁港
295, 39.6389032, 141.9722226, 出崎埠頭
296, 32.8228255, 129.7652711, 長崎漁港
297, 39.0558158, 141.8138384, 野の前漁港
298, 39.3262631, 141.9168508, 箱崎漁港
299, 38.4105014, 141.341359, 石巻漁港・赤灯防波堤
300, 38.2945965, 141.5089749, 鮎川港
301, 38.3974555, 141.4279821, 桃浦漁港
302, 38.2778125, 141.0520151, 松ヶ浜漁港
303, 38.2814226, 141.0594857, 菖蒲田漁港
304, 38.2724235, 140.9973439, 仙台港中央公園
305, 38.443088, 141.4492426, 女川港
306, 38.4441899, 141.4759205, 桐ヶ崎港
307, 38.3084589, 141.489016, 十八成浜漁港
308, 38.3513011, 141.4584374, 小網倉漁港
309, 38.3854161, 141.3817933, 小竹浜漁港
310, 34.2499328, 133.6119645, 小積漁港
311, 38.4385299, 141.4561901, 小乗浜漁港
312, 38.3193743, 141.4704571, 小渕漁港
313, 38.40812, 141.502415, 小屋取漁港
314, 38.3398818, 141.1447143, 里浜魚港
315, 38.3829137, 141.433969, 侍浜漁港
316, 38.3823619, 141.488568, 鮫浦漁港
317, 38.3237997, 141.0420647, 塩釜港・魚市場前
318, 38.2814226, 141.0594857, 菖蒲田漁港
319, 38.3497238, 141.4414544, 鹿立漁港
320, 38.2659728, 141.0291908, 仙台漁港
321, 38.2724235, 140.9973439, 仙台港中央公園
322, 38.3644939, 141.4306995, 竹浜漁港
323, 38.9495179, 141.6359993, 大理石海岸
324, 38.4081672, 141.4917378, 塚浜漁港
325, 38.3840358, 141.4271028, 月浦漁港
326, 38.3243616, 141.1572042, 月浜漁港
327, 38.3790284, 141.0936351, 手樽海浜公園
328, 38.3137123, 141.0518121, 東宮浜港
329, 38.3606723, 141.1369285, 東名漁港
330, 38.7052167, 141.5579728, 泊浜漁港
331, 38.0389248, 140.9050353, 鳥の海・荒浜港
332, 38.2715809, 141.0199161, 中野ふ頭
333, 38.3756328, 141.1153934, 名籠漁港
334, 38.328385, 141.5262567, 新山漁港
335, 38.3954103, 141.4684991, 野々浜漁港
336, 38.2993194, 141.0782585, 花渕浜・小浜港
337, 38.4023027, 141.4103984, 蛤浜漁港
338, 38.8073534, 141.5563314, 日門漁港
339, 38.3530372, 141.4447613, 福貴浦魚港
340, 38.390172, 141.5164535, 前網漁港
341, 38.3657303, 141.4373651, 牧浜漁港
342, 38.2778125, 141.0520151, 松ヶ浜漁港
343, 38.4260678, 141.4050055, 万石浦・万石橋
344, 38.3380909, 141.1681688, 室浜漁港
345, 38.3974555, 141.4279821, 桃浦漁港
346, 34.321682, 135.121223, 谷川漁港
347, 38.32043, 141.0693731, 谷地漁港
348, 38.182924, 140.9473288, 閖上大橋周辺
349, 38.1714363, 140.9558518, 閖上漁港南防波堤
350, 38.3113538, 141.0465731, 要害港
351, 38.3200816, 141.0693299, 代ヶ崎
352, 38.4076226, 141.4715058, 横浦漁港
353, 38.3078944, 141.0809755, 吉田花渕港
354, 38.3892457, 141.5255249, 寄磯漁港
355, 38.4047039, 141.3686451, 渡波港
356, 38.4047039, 141.3686451, 渡波港・白灯防波堤
357, 39.7835937, 140.048667, 秋田火力発電所前
358, 39.7594851, 140.0421141, 秋田港
359, 39.9859071, 139.8688829, 五里合漁港
360, 39.3782181902827, 140.285423757555, 雄物川河口
361, 38.4411196, 141.4443913, 女川漁港
362, 40.0978977, 139.959612, 釜谷浜海水浴場
363, 39.9097622, 139.729334, 加茂漁港
364, 39.2035986, 139.8941353, 象潟漁港
365, 39.125142, 139.877729, 小砂川漁港
366, 39.2568796, 139.914452, 金浦漁港
367, 35.5020762, 135.7362986, 小浜漁港
368, 39.859286, 139.7573885, 潮瀬崎
369, 39.9445508, 139.7056863, 塩浜漁港
370, 39.8649623, 139.7798554, 椿漁港
371, 39.8396807, 140.0124981, 出戸浜
372, 39.9607821, 139.7130415, 戸賀漁港
373, 39.978717, 139.732021, 西黒沢漁港
374, 39.3381843, 139.9941884, 西目漁港
375, 40.0001788, 139.7095942, 畠漁港
376, 39.8853786, 139.8473594, 船川港
377, 39.8977546651963, 139.953518876199, 船越水道
378, 39.3932476, 140.0159023, 本荘マリーナ
379, 39.502723, 140.0451452, 松ヶ崎漁港
380, 39.5427138, 140.0462172, 道川漁港
381, 39.8641225, 139.7522028, 門前漁港
382, 39.901556, 139.8934909, 脇本漁港
383, 38.745355, 139.708737, 油戸漁港
384, 38.759777, 139.7247772, 今泉漁港
385, 38.6098811, 139.5746906, 大岩川漁港
386, 38.6868097, 139.6275988, 堅苔沢漁港
387, 35.3332019, 139.6347756, 金沢漁港
388, 38.5914044, 139.5644343, 小岩川漁港
389, 38.6917812, 139.6442845, 小波渡漁港
390, 38.9687384, 139.8447011, 酒田北港
391, 38.9147809, 139.8366435, 酒田本港
392, 39.0408523, 139.86269, 十里塚海岸
393, 39.0113597084492, 139.972267715799, 日向川河口
394, 38.5588939, 139.542929, 鼠ヶ関港
395, 39.0700709, 139.8727302, 吹浦漁港
396, 38.5804115, 139.5589621, 道の駅あつみ・しゃりん前
397, 39.1048559, 139.8779947, 女鹿漁港
398, 38.7843402, 139.7533164, 湯野浜海岸
399, 38.7233581, 139.6840241, 由良海洋釣堀
400, 38.7182394, 139.6816885, 由良漁港
401, 38.638338, 139.593256, 米子漁港
402, 36.919673, 140.857342, いわきサンマリーナ
403, 37.2418039, 141.0133948, 岩沢海岸
404, 37.4842276, 141.0389575, 請戸港
405, 36.9677982, 140.9595724, 江名港
406, 37.553664174593, 140.981058926952, 小高川河口
407, 36.9321409, 140.8863896, 小名浜港・市場前
408, 36.9431016, 140.9014747, 小名浜港・アクアマリンふくしま周辺
409, 36.9776514, 140.9667999, 合磯海岸
410, 37.7527414, 141.0035385, 蒲庭海岸
411, 37.3263552926498, 140.866637164019, 木戸川河口
412, 38.0216923, 140.7277608, 毛萱海岸
413, 37.8760601, 140.9195783, 新地町海釣り公園
414, 35.2493903, 139.8665692, 新舞子海岸
415, 37.1711107, 140.9992627, 末続海岸
416, 37.8295911, 140.9555646, 相馬港・釣り桟橋
417, 37.7628353, 141.000487, 茶屋ヶ岬
418, 37.874401, 140.936203, 釣師浜港
419, 31.7036007, 130.2761574, 照島海岸
420, 32.526041, 130.0363042, 富岡港
421, 36.9892123, 140.9653993, 豊間港
422, 36.9587476, 140.9515425, 中之作港
423, 36.8639594, 140.7898263, 勿来海岸
424, 37.3094149, 141.0234433, 波倉海岸
425, 37.1483788, 141.0009528, 久之浜港
426, 37.2144636, 140.994563, 広野町海浜公園
427, 37.8221955, 140.9704554, 松川浦港
428, 37.803496, 140.973218, 松川浦新港
429, 37.7217041337562, 140.86142699662, 真野川河口
430, 37.1898063, 141.0010482, 夕筋海岸
431, 37.1119755, 140.9758244, 四倉港
432, 44.1900008, 145.3243325, 相泊漁港
433, 42.0739893, 140.0619685, 相沼漁港
434, 43.1428489, 140.4242248, 神恵内漁港
435, 42.4204818, 143.3930162, 旭浜漁港
436, 43.0528434, 144.8514308, 厚岸港
437, 42.7407648, 140.1121654, 厚瀬漁港
438, 42.4342975, 142.2076156, 厚賀漁港
439, 43.3996273, 141.4347168, 厚田漁港
440, 42.8059538, 143.8192008, 厚内漁港
441, 43.7494790248383, 144.117622664403, 網走川河口
442, 44.0230802, 144.2846025, 網走港
443, 43.8927894, 141.6026433, 阿分漁港
444, 42.5532277, 140.7527791, 虻田・大磯漁港
445, 42.8466513, 140.8507483, 虻田漁港
446, 42.7968675, 140.3098129, 有戸漁港
447, 43.1892809, 141.2877118, 石狩湾新港・樽川埠頭
448, 43.2122927, 141.2874588, 石狩湾新港・西防砂堤
449, 43.1938947, 141.2928198, 石狩湾新港・花畔埠頭
450, 43.2122927, 141.2874588, 石狩湾新港・東埠頭
451, 42.1564865, 140.4794616, 石倉漁港
452, 41.7527681, 140.8742614, 石崎漁港
453, 41.7527681, 140.8742614, 石崎・銭亀沢漁港
454, 41.9657769797533, 140.853932254674, 磯谷川河口海岸
455, 42.3371063, 141.0308755, イタンキ漁港
456, 43.3658757, 140.4698724, 入舸漁港
457, 43.7754237, 141.3684662, 岩老漁港
458, 41.5068162, 140.3391812, 岩部漁港
459, 42.5204162, 140.7756195, 有珠漁港
460, 41.9344027, 140.9440828, 臼尻漁港
461, 43.9968676, 141.6504559, 臼谷漁港
462, 42.7801777, 140.1523792, 歌島漁港
463, 41.9924712, 143.1603671, 歌別漁港
464, 42.1324858, 142.8754039, 鵜苫漁港
465, 44.073148, 144.992577, ウトロ漁港
466, 42.3561385, 139.7948366, 鵜泊漁港
467, 44.9310674, 142.5869645, 枝幸港
468, 41.8657338, 140.1188162, 江差港＆鴎島
469, 41.7955207, 141.1719281, 恵山漁港
470, 45.4486979, 141.6437576, 恵山泊漁港
471, 42.1347083, 140.5086515, 蛯谷漁港
472, 41.5445923, 139.9893031, 江良漁港
473, 42.0156702, 143.1462409, えりも港
474, 41.9371104, 143.2431612, えりも岬漁港
475, 44.722845, 141.7822148, 遠別漁港
476, 42.3078142, 140.9704076, 追直漁港
477, 44.5884876, 142.9616865, 雄武漁港
478, 42.5842869, 140.6410231, 大岸漁港
479, 42.2818165, 139.7830596, 太田漁港
480, 42.6804317, 143.640248, 大津漁港
481, 42.4917637, 140.3650517, 大中漁港
482, 42.7253326, 140.0759834, 大平海岸
483, 41.9532295559105, 140.924530283912, 大船川河口海岸
484, 41.9676268, 140.9174057, 大舟漁港
485, 41.7446605, 141.0759363, 大澗漁港
486, 44.8723283, 142.6404186, 岡島漁港
487, 42.2146274, 142.674176, 荻伏漁港
488, 44.4779757, 143.1397218, 興部漁港
489, 41.8932928, 141.015843, 尾札部漁港
490, 41.892522, 141.024706, 尾札部・黒鷲岬漁港
491, 42.9353747, 144.7178136, 老者舞漁港
492, 42.5279395, 140.3959292, 長万部漁港
493, 43.2103877, 140.8594946, 忍路漁港
494, 43.1902372, 140.994172, 小樽漁港
495, 43.2047642, 141.0040772, 小樽港・色内埠頭
496, 43.2107383, 141.0103218, 小樽港・厩町岸壁
497, 43.1908243, 141.018606, 小樽港・勝納埠頭
498, 43.1974595, 141.0051715, 小樽港・第2埠頭
499, 43.5678328, 145.2230301, 尾岱沼漁港
500, 43.1798592, 145.5069179, 落石漁港
501, 44.0741418, 145.243827, オッカバケ漁港
502, 44.7839854, 142.7200362, 乙忠部漁港
503, 44.7064476, 142.8152923, 音標漁港
504, 42.189711, 140.4302186, 落部漁港
505, 42.1891369, 140.4257128, 落部・栄浜漁港
506, 42.2167958, 140.3945591, 落部・東野漁港
507, 42.2245103, 143.3202633, 音調津漁港
508, 42.0101335, 140.1038565, 乙部漁港
509, 44.1568339, 141.6544595, 鬼鹿漁港
510, 43.7424775, 141.3418264, 雄冬漁港
511, 41.7448023, 140.9084635, 小安漁港
512, 43.3915367, 145.7697455, 温根元漁港
513, 42.1243303, 140.6434157, 掛澗漁港
514, 41.9054028, 140.9820503, 川汲漁港
515, 41.9166104, 140.9604537, 川汲・安浦漁港
516, 42.945685, 144.4465732, 桂恋漁港
517, 43.0814968, 140.4696385, 兜千畳敷
518, 41.7082905, 140.5353689, 釜谷（木古内）漁港
519, 41.7332211, 140.9359706, 釜谷漁港
520, 41.8177183, 140.6472173, 上磯漁港
521, 41.804869, 140.075771, 上ノ国・大崎漁港
522, 41.6494139, 139.9985476, 上ノ国漁港
523, 43.1428489, 140.4242248, 神恵内漁港
524, 42.7322855, 140.0874046, 軽臼漁港
525, 43.2185665, 140.3269558, 川白漁港
526, 41.7082905, 140.5353689, 木古内漁港
527, 45.0599314, 142.5043296, 北見神威岬
528, 41.8878802, 141.0657791, 木直漁港
529, 41.5265001, 140.0061107, 清部漁港
530, 42.9994662, 144.3330047, 釧路港・西港
531, 42.2226513, 139.8334538, 久遠漁港
532, 42.128068, 139.9797524, 熊石漁港
533, 42.3717835, 140.2931667, 黒岩漁港
534, 42.4387227, 140.3303494, 国縫漁港
535, 43.7954128, 145.0630317, 薫別漁港
536, 43.6259707, 141.3631292, 群別漁港
537, 42.2253999, 142.6165363, 鳧舞漁港
538, 43.3135618, 140.3572608, 神岬漁港
539, 45.4012099, 141.761248, 声問漁港
540, 42.4196245, 140.8991843, 黄金漁港
541, 41.5332332, 140.4218221, 小谷石漁港
542, 43.3572597, 141.4269488, 古潭漁港
543, 43.2214428, 145.5523967, 昆布盛漁港
544, 42.951125, 144.5304861, 昆布森漁港
545, 43.4770742, 141.3904146, 濃昼漁港
546, 43.3698634, 145.8081245, 珸瑤瑁漁港
547, 44.1297703, 143.968975, 栄浦漁港
548, 43.1234682, 145.1161357, 榊町漁港
549, 43.0983643, 140.4585414, 盃・カブト漁港
550, 43.0983643, 140.4585414, 盃漁港
551, 41.7126236, 140.4534267, 札苅漁港
552, 41.4696294, 140.0292393, 札前漁港
553, 42.1269818, 142.9136388, 様似漁港
554, 44.431718, 143.2284476, 沙留漁港
555, 44.1792136, 143.7854898, サロマ湖漁港・第1湖口
556, 44.1464473, 143.9288666, サロマ湖漁港・第2湖口
557, 44.5218476, 143.0614191, 沢木漁港
558, 42.1255177, 140.684022, 砂原漁港
559, 43.9813957, 141.6466066, 三泊漁港
560, 43.1972495, 140.3465095, 珊内漁港
561, 41.7132149, 140.9553495, 汐首漁港
562, 41.7305399, 140.0779805, 汐吹漁港
563, 43.2189609, 140.9197242, 塩谷漁港
564, 42.0311778, 140.8260822, 鹿部漁港
565, 42.0385227, 140.8159209, 鹿部町沖テトラ
566, 42.5881752, 140.4737739, 静狩漁港
567, 42.3242112, 142.371647, 静内漁港
568, 41.7641553, 140.8225839, 志海苔漁港
569, 41.7587941, 140.8483782, 志海苔・銭亀漁港
570, 42.03685, 140.0826548, 鮪ノ岬
571, 43.6678196, 145.1286271, 標津漁港
572, 43.2429235, 140.7258581, 島泊漁港
573, 45.0608452, 142.4837341, 斜内漁港
574, 43.915501, 144.661145, 斜里漁港
575, 43.2350893, 141.0150194, 祝津漁港
576, 42.0432711, 143.2961585, 庶野漁港
577, 42.952948, 144.0864338, 白糠漁港
578, 41.5982835, 140.4188373, 知内
579, 42.8169966689321, 140.76953832522, 尻別川河口
580, 42.5948262, 139.8252028, 須築漁港
581, 42.7960619, 140.2325459, 寿都漁港
582, 41.7546556, 140.7208568, 住吉漁港
583, 42.1329947, 139.924867, 関内漁港
584, 42.3772086, 142.2780091, 節婦漁港
585, 42.9845319, 144.7113973, 仙鳳趾漁港
586, 43.8077124, 142.3919003, 宗谷・清浜漁港
587, 43.1972495, 140.3465095, 宗谷・珊内漁港
588, 42.4748909, 143.4330485, 大樹漁港
589, 43.2188597, 141.014728, 高島漁港
590, 42.3871944, 139.819127, 鷹ノ巣岬
591, 41.4467538, 140.0402124, 館浜漁港
592, 42.7767903, 140.2399696, 樽岸漁港
593, 42.6703168, 139.8813567, 第二栄浜漁港
594, 42.4663194, 140.8581467, 伊達漁港
595, 41.6494139, 139.9985476, 小砂子漁港
596, 43.9596203, 144.8354591, 知布泊漁港（日の出漁港）
597, 42.6884478, 140.0000518, 千走漁港
598, 42.9675067, 144.3925433, 千代の浦漁港
599, 42.9672624, 144.3888175, 千代の浦マリンパーク
600, 45.3793477, 142.0932694, 知来別漁港
601, 43.03118, 145.0266039, 散布漁港
602, 43.0226601, 145.0228343, 散布・藻散布漁港
603, 43.03118, 145.0266039, 散布・渡散布漁港
604, 43.238794, 140.7349277, 出足平漁港
605, 41.7197417, 141.0253998, 戸井漁港
606, 44.989941, 142.5428592, 問牧漁港
607, 41.7591832, 140.5671682, 当別漁港
608, 41.9482422, 143.2177647, 東洋漁港
609, 44.1863855, 143.7415804, 登栄床漁港
610, 44.8496362, 142.6556505, 徳志別漁港
611, 42.9994628, 144.8723169, 床潭漁港
612, 41.9870662314614, 140.830093474723, 常路川河口海岸
613, 44.124881, 144.1005451, 常呂漁港
614, 44.096553, 143.8045566, 富武士漁港
615, 44.0747018, 143.7910709, 富武士・若里漁港
616, 42.0065153, 140.1050662, 突符岬＆元和漁港
617, 41.8208548, 141.1693886, 椴法華港
618, 42.6383812, 141.6350097, 苫小牧西港・北埠頭
619, 42.6383812, 141.6350097, 苫小牧西港・漁港区
620, 42.6466659, 141.6628975, 苫小牧西港・中央北埠頭
621, 42.6459497, 141.6735117, 苫小牧西港・中央南埠頭
622, 42.6383812, 141.6350097, 苫小牧西港・晴海埠頭
623, 42.6390987, 141.7038243, 苫小牧西港・勇払埠頭
624, 42.6099669, 141.8196453, 苫小牧東港
625, 44.3168088, 141.6535062, 苫前漁港
626, 43.0662335, 140.4933051, 泊・後志漁港
627, 45.4655136, 141.8736672, 富磯漁港
628, 42.493825, 142.018908, 富浜漁港
629, 43.3152389, 145.6730518, 友知漁港
630, 42.5849112, 140.7030664, 豊浦海浜公園
631, 42.5808182, 140.7104678, 豊浦漁港
632, 44.5648839, 141.7744724, 豊岬漁港
633, 45.1370848, 142.3786091, 頓別漁港
634, 43.3916184, 145.749384, トーサムポロ漁港
635, 41.6336101, 140.4315342, 中の川漁港
636, 42.1401791, 139.9170341, 長磯漁港
637, 45.3902739, 141.6389551, 西稚内漁港
638, 42.1224365, 140.736267, 沼尻漁港
639, 43.3418858, 145.5829002, 根室港
640, 43.289398, 145.5777935, 根室・花咲港
641, 43.3424326, 140.4550256, 野塚漁港
642, 44.0593087, 144.151037, 能取湖口漁港
643, 44.0382255, 144.1798064, 能取新港
644, 42.4523678, 141.1860346, 登別漁港
645, 41.7819685, 140.7032397, 函館海洋センター前
646, 41.7723864, 140.7009216, 函館漁港（入船漁港）
647, 41.7946681, 140.7187641, 函館港・北埠頭
648, 41.8031287, 140.7186164, 函館港・第3防砂堤
649, 41.7822009, 140.7219101, 函館港・中央埠頭
650, 41.7880359, 140.7267321, 函館港・万代埠頭
651, 41.7723911, 140.6989371, 函館港・緑の島
652, 41.798934, 140.7135085, 函館港・港町埠頭
653, 41.7686961, 140.7290599, 函館市日鉄桟橋跡
654, 41.7739037, 140.779739, 函館・湯川漁港
655, 43.793595949397, 141.544761912039, 箸別川河口
656, 43.3202234, 145.3325369, 走古丹漁港
657, 44.5341504, 141.762933, 初浦漁港
658, 43.3423353, 145.7596795, 歯舞漁港
659, 44.3665331, 141.6970708, 羽幌港
660, 45.3266145, 142.1651887, 浜鬼志別漁港
661, 45.274768, 142.233307, 浜猿払漁港
662, 44.091319, 143.9260923, 浜佐呂間漁港
663, 43.6042887, 141.3829174, 浜益漁港
664, 41.749500339654, 141.025614908555, 原木川河口海岸
665, 42.2752621, 142.4885054, 春立漁港
666, 45.3096336, 141.6169479, 抜海漁港
667, 41.7285253, 141.051273, 日浦漁港
668, 41.7268884, 141.0534404, 日浦岬
669, 45.4230648, 142.0332944, 東浦漁港
670, 42.2966235, 142.4519096, 東静内漁港
671, 43.3560719, 140.4637651, 日司漁港
672, 43.2982367, 140.607688, 美国漁港
673, 42.5614003164921, 139.84745854887, 美谷漁港（せたな町）
674, 42.8257035, 140.3078865, 美谷漁港（歌棄町）
675, 43.0510539, 145.0776945, 琵琶瀬漁港
676, 42.0434424, 143.1026113, 笛舞漁港
677, 41.4973406, 140.2013779, 福島・白符漁港
678, 42.3068096000358, 139.931606283817, 太櫓漁港
679, 42.100433, 142.9863447, 冬島漁港
680, 43.2750017, 140.6379767, 古平漁港
681, 41.8663333, 141.1177832, 古部漁港
682, 43.8335064, 141.4764719, 別苅漁港
683, 43.3850004, 145.2885622, 別海漁港
684, 42.8242166, 140.1882619, 弁慶岬＆政泊漁港
685, 44.6590423, 142.8791765, 幌内漁港
686, 43.3576267, 140.510701, 幌武意漁港
687, 43.2941548, 145.5177576, 幌茂尻・温根沼漁港
688, 43.2980082, 145.5208646, 幌茂尻漁港
689, 42.0540126, 140.806534, 本別漁港
690, 42.0756772, 140.7959823, 本別・出来澗漁港
691, 43.6492319, 141.3520399, 幌漁港
692, 43.1593321, 145.1636855, 奔幌戸漁港
693, 43.8569763, 141.528525, 増毛港
694, 43.9918244, 144.2986346, 鱒浦漁港
695, 43.988643, 145.16358, 松法漁港
696, 41.4300208, 140.1104793, 松前
697, 41.418605, 140.089079, 松前港＆弁天島
698, 42.2474697, 142.5525613, 三石漁港
699, 43.8750892, 145.0947706, 峯浜漁港
700, 42.21833, 139.8593286, 宮野漁港
701, 42.5476684, 141.940477, 鵡川漁港
702, 42.3385379, 140.9341132, 室蘭港・絵鞆漁港
703, 42.3299299, 140.9762823, 室蘭港・北外防波堤
704, 42.3669891, 140.9274444, 室蘭港・崎守埠頭
705, 42.3299299, 140.9762823, 室蘭港・西埠頭
706, 42.3238659, 140.9773905, 室蘭港・フェリー埠頭
707, 42.347201, 140.9508275, 室蘭港・南防波堤
708, 42.120337, 143.3170423, 目黒漁港
709, 41.759493, 141.0858719, 女那川漁港
710, 45.0367879, 142.5164505, 目梨泊漁港
711, 41.4926421, 140.0155531, 茂草漁港
712, 44.606479, 142.943279, 元稲府漁港
713, 41.7554022, 140.6050636, 茂辺地漁港
714, 43.1489697, 145.2314174, 貰人漁港
715, 42.1104397, 140.5947859, 森漁協
716, 42.4735721, 142.074104, 門別漁港
717, 44.3516712, 143.3615426, 紋別港
718, 42.2535066, 140.2866281, 八雲漁港
719, 42.098793, 140.044024, 八雲町熊石浄化センター前海岸
720, 42.3078171, 140.276877, 八雲・山崎漁港
721, 44.8300817, 142.6789476, 山臼漁港
722, 42.2272002, 140.3406001, 山越漁港
723, 41.7872669, 141.1334403, 山背泊漁港
724, 44.2308274, 143.6243514, 湧別漁港
725, 43.7852232, 141.3690066, 湯泊岬
726, 43.2480747, 140.7096776, 湯内漁港
727, 43.1988869, 140.7907722, 余市河口漁港
728, 43.2132865, 140.7758107, 余市港
729, 42.8457235, 140.329957, 横澗漁港
730, 41.4438515, 140.2381807, 吉岡漁港
731, 43.3303314, 140.3783912, 余別漁港
732, 43.3301552, 140.3974079, 余別来岸漁港
733, 44.0208698, 145.20017, 羅臼漁港
734, 44.2251246, 141.6554313, 力昼漁港
735, 43.9479995, 141.6380516, 留萌港
736, 43.9174952, 141.6189797, 礼受漁港
737, 42.5758452, 140.6007596, 礼文漁港
738, 45.0848593, 141.630853, 稚咲内漁港
739, 41.551206, 140.4119355, 涌元漁港
740, 42.116384, 140.5447545, 鷲ノ木漁港
741, 42.3560976, 141.052059, 鷲別漁港
742, 38.0457354, 140.9093713, 荒浜港
743, 37.162311, 138.1433468, 有間川港
744, 37.5180191, 138.6553151, 石地港
745, 37.5180191, 138.6553151, 石地フィッシングセンター
746, 37.5307394, 138.7094055, 出雲崎漁港
747, 37.5307394, 138.7094055, 出雲崎町フィッシングブリッジ
748, 36.9629701, 137.6662829, 市振港
749, 38.1901526, 139.4322017, 岩船港
750, 38.4793515, 139.5103951, 鵜泊港
751, 37.0609628, 137.9588136, 鬼伏港
752, 37.0030888, 137.7278537, 親不知港
753, 37.1701255, 138.1988591, 海洋フィッシングセンター
754, 37.2716029, 138.3764047, 柿崎港
755, 37.3363527, 138.4673442, 笠島港
756, 37.3692456, 138.5385243, 柏崎港
757, 37.36664, 138.5309631, 柏崎港・西防波堤
758, 37.3557279, 138.5095591, 鯨波港
759, 37.2070911, 138.290062, 黒井新堤
760, 38.3719395, 139.5043636, 桑川港
761, 37.8681405, 138.9235233, 新川漁港・新川河口
762, 38.2143784, 139.4424258, 瀬波温泉前
763, 37.1233803, 138.0505824, 筒石港
764, 37.1825241, 138.2507935, 直江津港
765, 37.2112834, 138.2778713, 直江津港・第3東防波堤
766, 38.5355721, 139.5613439, 中浜港
767, 37.0655612529623, 138.106668121722, 名立港
768, 37.9770325, 139.2459325, 新潟東港
769, 38.4865392, 139.5136405, 寝屋港
770, 37.109845, 137.995542, 能生港
771, 38.507585, 139.5333595, 府屋港
772, 37.7376576, 139.260695, 馬下
773, 37.8082844, 138.8342295, 巻漁港
774, 37.7409022, 138.7964201, 間瀬港
775, 38.0420194, 139.3047542, 松塚漁港
776, 38.4259925, 139.4999061, 脇川港
777, 36.8671903, 136.9836393, 池田浜
778, 36.8660146, 137.4140177, 石田漁港
779, 36.8660146, 137.4140177, 石田フィッシャリーナ
780, 36.764214, 137.2324535, 岩瀬漁港
781, 36.8093317, 137.3926283, 魚津補助港
782, 36.9118323, 137.0215576, 宇波漁港
783, 36.9222532, 137.0298179, 大境漁港
784, 36.821231, 137.0295852, 太田マリーナ
785, 36.8545727, 137.4120604, 経田漁港
786, 36.80158, 137.0565, 国分港
787, 36.8951941, 137.0070301, 小杉漁港
788, 36.7874873, 137.0840753, 新湊西漁港
789, 36.7868645, 137.0835466, 新湊東漁港
790, 36.6104292760872, 137.209513926748, 神通川河口
791, 36.7590916, 137.3204072, 高月漁港
792, 36.6958266, 137.2137071, 富山港・赤灯
793, 36.7919255, 137.0661331, 富山新港・西堤
794, 36.780095, 137.1198933, 富山新港・東堤
795, 36.7765618, 137.3458476, 滑川漁港
796, 36.9248438, 137.4275732, 入善漁港
797, 36.859127, 136.9911041, 氷見漁港
798, 36.7919255, 137.0661331, 伏木港
799, 36.8002695, 137.0648653, 伏木万葉ふ頭
800, 36.7564389, 137.3011372, 水橋漁港
801, 36.9741357, 137.5899695, 宮崎漁港
802, 36.9501778, 137.040531, 女良漁港
803, 36.8895649, 137.0012233, 藪田漁港
804, 36.7598508, 137.19262, 四方漁港
805, 37.4320656, 137.2660341, 飯田港
806, 37.042147, 137.0482425, 庵漁港
807, 37.4014174, 137.2456418, 鵜飼漁港
808, 37.2539944, 137.0892764, 鵜川漁港
809, 37.2985352, 137.147184, 宇出津新港
810, 36.653549, 136.6451263, 内灘放水路
811, 37.1022457, 137.0534698, 鵜浦漁港
812, 37.1557986, 137.0492704, 鰀目漁港
813, 36.41435, 136.4410079, 梯川河口
814, 36.3228543, 136.2788386, 片野海岸
815, 36.617002, 136.6059576, 金沢港・大野お台場公園前
816, 36.619001, 136.604375, 金沢港・大野からくり記念館前
817, 37.1375707, 137.0003962, 向田漁港
818, 37.0125443, 137.0480068, 下佐々波漁港
819, 36.3612949170156, 136.354474994275, 新堀川河口
820, 36.9220672, 136.7549279, 滝港
821, 37.43883, 137.3070145, 蛸島漁港
822, 37.1329582, 136.9292245, ねやフィッシングパーク
823, 37.1360834, 136.9068427, 能登島・通
824, 37.148608, 136.9824211, のとじま臨海公園・海づりセンター
825, 36.3523848, 136.3129668, 橋立漁港
826, 37.2879839, 137.1160038, 波並漁港
827, 37.3513122, 137.2636476, フィッシングブリッジ赤崎
828, 37.2376034, 137.072963, 古君漁港
829, 37.1579565, 137.028304, 祖母ヶ浦漁港
830, 37.2190473, 137.0684715, 前波漁港
831, 37.3568285, 137.2486376, 松波漁港
832, 37.3041919, 137.2036387, 真脇港
833, 37.2735411, 137.0975258, 矢波漁港
834, 37.404419, 136.901745, 輪島崎釣いかだ組合
835, 35.5259935, 135.6617659, あかぐり海釣り公園
836, 36.2488176, 136.1238053, 安島漁港
837, 35.5292753, 135.7888354, 犬熊漁港
838, 35.5469115, 135.7540236, 宇久漁港
839, 35.9555208, 135.9814832, 梅浦漁港
840, 35.5513509, 135.4791502, 上瀬漁港
841, 35.9822764, 135.9609912, 越前岬
842, 36.0492304, 136.0165666, 大味漁港
843, 35.5140074, 135.5097357, 小黒飯漁港
844, 35.9390671, 135.9922205, 小樟漁港
845, 36.2518663, 136.1192677, 雄島
846, 35.538622, 135.4942248, 音海・大波止
847, 36.0697478, 136.0402685, 大丹生漁港
848, 35.8410642, 136.0475104, 甲楽城漁港
849, 36.0298556820094, 136.464905082323, 九頭竜川河口
850, 36.0820307, 136.0283911, 国見白浜漁港
851, 35.9294085, 135.9974243, 厨漁港
852, 36.0390392, 136.0105456, 茱崎漁港
853, 35.5233202, 135.491931, 神野浦漁港
854, 35.887342, 135.996648, 米ノ浦漁港
855, 36.2520482, 136.1440932, 崎漁港
856, 35.5261661, 135.8001113, 志積漁港
857, 35.7342627, 135.9751942, 白木漁港
858, 35.7072761, 135.9709885, シーパーク丹生
859, 35.9467896, 135.986899, 城ヶ谷漁港
860, 35.6535066, 135.9679113, 菅浜漁港
861, 35.572055, 135.849078, 世久見漁港
862, 35.9865488, 135.9627538, 左右漁港
863, 35.8951144, 135.9952494, 高佐漁港
864, 36.1293449, 136.0602874, 鷹巣漁港
865, 35.9688337, 135.9677092, 玉川漁港
866, 35.679113, 136.07519, 敦賀新港・鞠山海遊パーク
867, 35.5426414, 135.8304236, 釣姫漁港
868, 36.1126734, 136.0483616, 長橋漁港
869, 35.4993978, 135.5129788, 西三松漁港
870, 35.8579902, 136.0399327, 糠漁港
871, 35.5422147, 135.4768649, 日引漁港
872, 35.6200518, 135.8540833, ひるが海上釣り堀
873, 35.613148, 135.8952567, 日向漁港
874, 35.599713, 135.886953, フィッシングランド日向
875, 35.6036477, 135.8855818, フィッシングレインボー
876, 35.9109704, 135.9964541, 茂原漁港
877, 35.5288369, 135.8067485, 矢代漁港
878, 35.4941904, 135.5465806, 若狭高浜海釣り公園
879, 34.6086494, 137.1850176, 赤羽根港
880, 34.6556405, 137.1584103, 泉港
881, 34.5846983, 137.0199085, 伊良湖港
882, 34.7392592, 136.8606341, 内海新港
883, 34.660995, 137.1777003, 宇津江港
884, 34.7197744, 136.9625548, 大井漁港
885, 34.9351573, 136.8264947, 大野港
886, 34.7022768, 136.9459189, 小佐漁港
887, 34.7126385, 136.9586528, 片名港
888, 34.8011442, 137.182528, 形原港
889, 34.9212856, 136.8315844, 蒲池港
890, 34.9149552, 136.9679911, 亀崎港
891, 34.8544686, 136.8578314, 苅屋漁港
892, 34.9513473, 136.9817594, 衣浦西堤
893, 34.778514, 137.0933191, 吉良サンライズパーク・宮崎漁港
894, 35.0509984, 136.8470837, 金城埠頭
895, 34.7830226, 137.1880452, 鬮港
896, 34.7731196, 137.17252, 倉舞港
897, 34.7773743, 136.9004122, 河和漁港
898, 34.7773743, 136.9004122, 河和港
899, 34.8280707, 136.8654103, 小鈴谷漁港
900, 34.7173611, 137.0443932, 佐久島海釣りセンター
901, 34.6790586, 137.008453, 篠島港
902, 34.6824131, 137.0034345, 篠島釣り天国
903, 34.6862847, 137.2328961, 白谷海浜公園
904, 34.9548229, 136.8229711, 新舞子マリンパーク
905, 34.7867708, 137.162526, 洲崎港
906, 34.8553681, 136.9361901, 武豊緑地
907, 34.6968837, 137.258999, 田原港
908, 34.7816945, 137.1771434, 知柄漁港
909, 34.7313881, 136.9345588, 豊丘漁港
910, 34.9508923562873, 137.449172597159, 豊川河口
911, 34.7794413, 137.3118668, 豊川浄化センター埋立地
912, 34.7110502, 136.9343777, 豊浜港
913, 34.9863167, 136.837966, 名古屋港海づり公園
914, 35.0528934, 136.8709476, 名古屋港9号地
915, 34.8789591, 136.9439454, 半田港
916, 34.8764303, 136.9617772, 半田緑地公園・衣浦トンネル
917, 34.7569979, 136.926623, 爆釣美浜フィッシングパーク
918, 34.7865492, 137.1410478, 東幡豆港
919, 34.6476507, 137.0863748, 福江漁港
920, 34.7647323, 136.8426666, 冨具崎港
921, 34.8433703850675, 137.004809516066, 平坂入江
922, 34.8498858, 136.9619064, 碧南釣り広場
923, 34.719833, 137.268741, 緑が浜エコパーク
924, 34.8114864, 137.2487219, 三谷漁港
925, 34.6975893, 136.9721346, 師崎港
926, 34.7035442, 136.9762532, 師崎新港
927, 35.0468796299287, 137.313279850316, 矢作川河口
928, 34.7949918, 137.0411308, 矢作古川河口・衣崎漁港
929, 34.7197917, 136.8932178, 山海漁港
930, 34.8772898, 136.8260517, りんくう釣り護岸
931, 34.6659417584386, 138.834737398617, 青野川河口
932, 34.6486313, 138.8789828, 青野川ふるさと公園
933, 34.860519, 139.0766607, 赤沢港
934, 35.0185903, 138.8367689, 足保港
935, 35.0401822, 139.0943433, 網代港
936, 34.8199552, 139.0720831, 熱川堤防
937, 35.0921358, 139.079827, 熱海港海釣り施設
938, 34.6814177, 137.5912603, 新居海釣公園
939, 34.8266686, 138.764744, 安良里港
940, 35.0333805, 138.8881779, 淡島
941, 35.0454289, 139.0876458, 筏釣りの東海
942, 34.7342959, 138.7565435, 石部港
943, 35.1102062, 139.0863997, 伊豆山港
944, 34.9931731, 138.7944857, 井田港
945, 34.680673, 138.976441, 板見港
946, 34.9717815, 139.105588, 伊東港
947, 34.7739411, 139.0453443, 稲取港
948, 34.7006189428521, 138.904561518949, 稲生沢川河口
949, 34.6961597, 138.7643362, 伊浜港
950, 34.9531907, 139.132117, いるか浜堤防
951, 34.6284841, 138.8085501, 入間港
952, 34.6019582, 138.8461331, 石廊崎港
953, 34.7404575, 138.7630803, 岩地港
954, 34.8470869, 138.7695705, 宇久須港
955, 35.0086163, 139.0914274, 宇佐美港
956, 34.6514278, 138.9653234, 恵比須島
957, 35.0123183, 138.8020256, 江梨港
958, 35.0534747, 138.8938421, 江浦港
959, 34.7792837, 138.2953837, 大井川港
960, 34.6215056, 138.8573491, 大瀬港
961, 34.7470525, 137.6290693, 奥浜名湖・都田川（みおつくし橋周辺）
962, 34.9331041, 138.8045391, 小土肥
963, 34.6196539, 138.2195282, 御前崎港・西埠頭
964, 35.0452551, 139.0868068, 海上釣堀 太公望
965, 35.0189175, 138.8368744, 海上つり堀まるや
966, 35.1128249, 138.8181511, 片浜海岸
967, 34.9517556, 139.1339151, 川奈港
968, 35.0237447, 138.8764382, 木負堤防
969, 35.039891, 138.9026543, 口野港
970, 35.0213323, 138.8694723, 久連港
971, 34.7162875, 138.7517787, 雲見港
972, 35.0160046, 138.8221369, 久料護岸
973, 34.6265375, 138.8851293, 小稲港
974, 34.6730008, 138.7919726, 子浦港
975, 34.8522344, 138.3293154, 小川港
976, 34.87107, 138.7581718, 米崎港
977, 35.0343246, 138.8951568, 重寺港
978, 35.0502803, 138.884365, 獅子浜突堤
979, 35.055675, 138.8816419, 静浦港
980, 35.0090422, 138.4969274, 清水港海づり公園
981, 35.0504222, 139.0718069, 下多賀港
982, 34.6740887, 138.9565693, 下田港・犬走堤防
983, 34.6740887, 138.9565693, 下田港・柿崎公園
984, 34.6655736, 138.9549675, 下田港・福浦堤防
985, 34.6758067, 138.9551576, 下田港・まどが浜海遊公園
986, 34.6740887, 138.9565693, 下田港・遊覧船発着所
987, 34.729117, 138.9931235, 菖蒲沢港
988, 34.8225483, 139.0059852, 白田堤防
989, 34.8572384, 138.3274783, 新焼津港・ふぃしゅーな
990, 34.655809, 138.9685953, 須崎港
991, 34.8901504, 138.2167067, 瀬戸川河口
992, 34.8072308, 138.771872, 田子港
993, 35.139315, 138.6912296, 田子の浦港
994, 35.050283, 138.8972983, 多比港
995, 34.6317812, 138.8825142, 手石港
996, 34.9059535, 138.7864011, 土肥港
997, 34.6331092, 138.9072242, 田牛港
998, 35.0601409, 139.0733609, 戸又港（伊豆多賀港）
999, 34.6163225, 138.8221369, 中木港
1000, 35.0213573, 138.8833699, 長井崎
1001, 34.7830013, 138.7743842, 仁科港
1002, 35.0813896, 138.8540037, 沼津港
1003, 35.0405168, 139.1714529, 初島第一漁港
1004, 35.0402227, 139.1671285, 初島第二漁港
1005, 34.964781, 139.088877, ハトヤ裏
1006, 34.7389502, 139.000219, 波来港
1007, 35.0202059, 138.8600751, 平沢港
1008, 35.3301196605542, 138.53886260344, 富士川河口
1009, 34.8972079, 139.1321385, 富戸港
1010, 34.9094099, 139.1402784, 富戸・長根
1011, 34.9726447, 138.7770445, 戸田港
1012, 34.8287346, 139.0758065, 北川港
1013, 34.6122429, 138.8490762, 本瀬港
1014, 34.6875706, 137.6135392, 舞阪港
1015, 34.7586343, 137.5225365, 松見が浦
1016, 34.776518, 139.0059852, 見高港
1017, 35.047647, 139.07934, 南熱海マリンホール
1018, 35.047647, 139.07934, 南熱海マリンホール裏
1019, 35.0061007, 138.5212237, 三保
1020, 34.6601564, 138.7899911, 妻良港
1021, 34.8881364, 138.784434, 八木沢港
1022, 34.8691758, 139.1023863, 八幡野港
1023, 35.0983333, 138.5561111, 由比港
1024, 34.7709132, 138.2520084, 吉田港
1025, 34.7097516, 138.9846555, 竜宮島
1026, 35.041756, 139.084159, 和田木堤防
1027, 33.9240561, 136.1503981, 新鹿漁港
1028, 34.3954724, 136.8870748, 畔蛸漁港
1029, 34.3611597, 136.8969136, 安乗漁港
1030, 34.4627172, 136.8663635, 安楽島漁港
1031, 34.4475395, 136.9210901, 石鏡漁港
1032, 34.9251335, 136.6437739, 磯津漁港
1033, 35.3926542790668, 136.535972179416, 揖斐川河口
1034, 34.328584, 136.806554, 鵜方浜釣センター西尾渡船
1035, 34.5585493, 136.6488106, 大淀港
1036, 34.2909897, 136.6508271, 相賀浦漁港
1037, 34.385149, 136.899012, 相差海釣りセンター
1038, 34.3879701, 136.9085829, 相差漁港
1039, 34.0629293, 136.221657, 大曽根浦漁港
1040, 33.899189, 136.115332, 大泊海岸
1041, 34.0751008, 136.2004853, 尾鷲港
1042, 34.109937, 136.2468409, 海上釣り堀 貞丸
1043, 34.3204886, 136.6591016, 海上釣堀 三海丸
1044, 34.2507618, 136.4582608, 海上釣堀 大和丸
1045, 34.3244972, 136.6493682, 海上釣り堀 傳八屋
1046, 34.3144569, 136.6734008, 海上釣り堀 辨屋
1047, 34.4425595, 136.8895977, 海上釣堀 モンキー
1048, 34.1862963, 136.3169034, 海野浦漁港
1049, 33.9679871, 136.21808, 梶賀漁港
1050, 34.9956748, 136.6634708, 霞ふ頭釣り公園
1051, 34.9956748, 136.6634708, 霞埠頭・釣りテラス
1052, 34.2509699, 136.8443188, 片田漁港
1053, 34.660134, 136.5468967, 香良洲漁港
1054, 34.7807211, 136.5484862, 河芸漁港
1055, 35.0229594, 136.6739022, 川越釣り桟橋
1056, 34.1999761, 136.3411558, 紀伊長島港
1057, 34.0142034, 136.2541242, 九鬼漁港
1058, 34.4124902, 136.921674, 国崎漁港
1059, 34.9044765, 136.644818, 楠漁港
1060, 34.3125, 136.671608, 光栄丸
1061, 34.3160049, 136.890142, 甲賀漁港
1062, 34.2539431, 136.4609309, 古和浦漁港
1063, 34.3586645, 136.6970977, 五ヶ所浦
1064, 34.277829, 136.7689234, 御座漁港
1065, 34.3146406, 136.6728969, 礫浦漁港
1066, 34.1123734, 136.2968268, 島勝漁港
1067, 34.2949722, 136.6894474, 宿田曽漁港
1068, 34.1993733, 136.3560009, 正徳丸
1069, 34.7642298, 136.5386029, 白塚漁港
1070, 34.1438796, 136.2797632, 白浦漁港
1071, 34.8493471, 136.4696046, 鈴鹿川河口
1072, 34.2517571, 136.4602623, 誠久丸
1073, 34.386271, 136.881814, 千賀フィッシングパーク
1074, 34.2932642, 136.6922669, 田曽浦
1075, 34.854649, 136.6152344, 千代崎港
1076, 34.7085275, 136.52337, 津ヨットハーバー
1077, 34.2564876, 136.4964695, つりぼりマルヨ
1078, 34.322463, 136.650794, 釣り堀 和光
1079, 34.480432, 136.846764, 鳥羽港・フェリー発着所
1080, 34.5442774, 136.7011032, 豊北漁港・外城田川河口
1081, 34.1735186, 136.2981831, 道瀬港
1082, 34.3452784, 136.6657225, 内瀬釣りセンター
1083, 34.3279076, 136.686229, 中津浜浦
1084, 34.2770293, 136.5411319, 奈屋浦漁港
1085, 34.2809621, 136.5530094, 贄浦漁港
1086, 34.2184877, 136.3983006, 錦漁港
1087, 33.998027, 136.2571891, 早田漁港
1088, 34.3167395, 136.6469377, はさま浦釣り堀センター
1089, 34.3085468, 136.6947766, 服部水産
1090, 34.2954214, 136.7533532, 浜島海浜公園・大矢浜
1091, 34.2977415, 136.7595214, 浜島港
1092, 34.311737, 136.649039, ハルキチ屋
1093, 34.1105297, 136.2476347, 引本港
1094, 34.3198241, 136.6550891, 日乃出屋
1095, 34.327917, 136.7148986, FC南志摩
1096, 34.2176406, 136.3951703, フィッシングパーク錦
1097, 34.2645610534902, 136.860107663487, 深谷水道
1098, 34.3202114, 136.6600141, 福寿丸
1099, 34.5022834, 136.7901815, 二見町・江漁港
1100, 33.9781342, 136.2082865, 古江漁港
1101, 33.9449065, 136.2007797, 甫母新港
1102, 34.6104189, 136.5596546, 松阪港
1103, 34.602385, 136.576692, 松名瀬フィッシングパーク
1104, 33.9869939, 136.2398504, マルスイ海産
1105, 34.1616007, 136.2846599, 三浦漁港
1106, 33.986619, 136.2398041, 三木浦漁港
1107, 34.5100769, 136.6937646, 宮川河口・ラブリバー公園
1108, 34.5489972, 136.6877676, 村松漁港
1109, 34.0485373, 136.2402577, 行野浦漁港
1110, 34.9553109, 136.6449348, 四日市港
1111, 34.6039635, 136.5439807, 猟師漁港
1112, 34.8687852, 136.6250445, 若松漁港
1113, 34.2543377, 136.8039179, 和具漁港
1114, 34.5043551, 135.4105306, 泉大津人工島
1115, 34.4261916, 135.325826, 泉佐野食品コンビナート
1116, 34.4068926, 135.3273027, 泉佐野・前島（旧フェリー乗り場）
1117, 34.4123503, 135.2947562, 泉佐野・りんくう公園裏テトラ
1118, 34.3998484, 135.2863805, 海釣ポート田尻
1119, 34.3818471, 135.2590632, 大阪海上釣り堀サザン
1120, 34.614972, 135.4020109, 大阪南港魚つり園
1121, 34.3896278, 135.2739004, 岡田浦漁港
1122, 34.36646, 135.24225, 尾崎漁港
1123, 34.321344, 135.119047, 海上釣り堀オーパ
1124, 34.325239, 135.1465621, 海上釣り堀 岬
1125, 34.4385213, 135.3585535, 貝塚人工島
1126, 34.3225778, 135.1202103, 観音崎・谷川港
1127, 34.3118675, 135.0934122, 小島養漁場
1128, 34.5103805, 135.3791043, 汐見公園
1129, 34.3431, 135.2067926, 下荘漁港
1130, 34.4261916, 135.325826, 食品コンビナート
1131, 34.3375934, 135.1933578, せんなん里海公園
1132, 34.3811163, 135.2583772, 樽井漁港
1133, 34.3363691, 135.1713389, 淡輪漁港
1134, 34.3365745, 135.1777769, 淡輪ヨットハーバー
1135, 34.314657, 135.1002609, とっとパーク小島
1136, 34.3547728, 135.2299515, 鳥取ノ荘・西鳥取漁港
1137, 34.318977, 135.142361, 深日港
1138, 34.7029115, 135.4728112, 淀川河川公園・海老江地区
1139, 34.6432078, 134.9975859, 明石海浜ベランダ
1140, 34.6453406, 134.9902285, 明石港・白灯
1141, 34.6458719, 134.9942258, 明石・新浜漁港
1142, 34.5352697, 134.9102999, 浅野漁港
1143, 34.6270407, 135.0413347, アジュール舞子
1144, 34.270675, 134.6692079, 阿那賀漁港
1145, 34.2099471, 134.7263104, 阿万海岸海水浴場
1146, 34.6833048, 135.3690643, 尼崎魚つり公園
1147, 34.2395517, 134.7119004, 淡路じゃのひれフィッシングパーク
1148, 34.6680581, 134.5290018, 家島フィッシングパーク・Sea遊
1149, 34.530277, 134.8884623, 育波漁港
1150, 34.4418597, 134.9194971, 生穂新島
1151, 35.6094823, 134.3889955, 居組漁港
1152, 34.2568953, 134.6748908, 伊毘漁港
1153, 34.768219, 134.47347, 鰯浜漁港
1154, 34.7824305, 134.5299604, 岩見漁港
1155, 34.6847739, 134.9002855, 魚住漁港
1156, 34.6608103, 134.4821837, 海の釣堀 海恵
1157, 34.5386425, 134.9944704, 浦県民サンビーチ
1158, 34.5411588, 134.9944619, 浦港
1159, 34.6747639, 134.9086527, 江井ヶ島港
1160, 34.2716503, 134.9521844, 生石岬
1161, 34.6415429, 135.0167997, 大蔵海岸
1162, 34.341935, 134.9025449, 大浜海水浴場
1163, 34.36646, 135.24225, 尾崎漁港
1164, 35.6319709, 134.6293458, 香住西港
1165, 35.6319709, 134.6293458, 香住東港
1166, 34.4919548, 134.961914, 釜口漁港
1167, 34.5134028, 134.9864609, 仮屋漁港
1168, 35.6721684, 139.8061141, 木場海岸
1169, 35.6601988, 134.744712, 切浜漁港
1170, 34.4788793, 134.84938, 郡家漁港
1171, 34.6353604, 135.2249203, 神戸空港ベランダ
1172, 34.7602107, 134.4252603, 坂越漁港
1173, 35.6556151, 134.6934691, 佐津浜（佐津海水浴場）
1174, 34.4541764, 134.931173, 佐野新島
1175, 34.411633, 134.8937999, 塩尾漁港
1176, 34.4183421, 134.8984732, 塩田新島
1177, 35.6543849, 134.6613932, 柴山港
1178, 34.6373613, 135.1020797, 須磨海づり公園
1179, 34.6683139, 135.1026951, 須磨浦港
1180, 34.6429152, 135.1268241, 須磨海水浴場
1181, 34.6683139, 135.1026951, 須磨港
1182, 34.6683139, 135.1026951, 須磨港一文字
1183, 34.3471732, 134.9012334, 洲本港
1184, 35.6438999, 134.8430424, 田結漁港
1185, 34.7351299, 134.8033191, 高砂海浜公園
1186, 34.4702489, 134.8400063, 多賀の浜海水浴場
1187, 34.3540636, 134.8941386, 炬口漁港
1188, 35.6627443, 134.7587402, 竹野港
1189, 34.6265179, 135.0547442, 垂水漁港
1190, 34.3957177792095, 134.810760098159, 都志港
1191, 34.4356225, 134.9098165, 津名港
1192, 34.5571946, 135.0124248, 翼港
1193, 34.6602609, 134.4804687, 釣り堀 水宝
1194, 34.3745203, 134.7498555, 鳥飼漁港
1195, 34.2040065, 134.7826699, 灘土生港
1196, 34.700771, 135.2308008, 灘浜
1197, 34.6926016, 135.3585936, 鳴尾浜臨海公園海釣り広場
1198, 34.1922679, 134.7448109, 仁頃漁港
1199, 34.7840038, 134.471869, 野瀬埠頭
1200, 35.6232664, 134.4546213, 浜坂港
1201, 34.6999896, 134.8883848, 東二見人工島
1202, 34.5568882, 134.9510151, 蟇浦漁港
1203, 34.7675126, 134.733542, 姫路市立遊漁センター
1204, 34.6657724, 135.1802298, 兵庫突堤
1205, 34.626722, 135.0640686, 平磯海づり公園
1206, 34.2521989, 134.7095823, 福良漁港
1207, 34.7139655, 134.8587351, 本荘人工島
1208, 34.6768028, 135.2042833, ポートアイランド北公園
1209, 34.6521235, 134.9652064, 松江海岸
1210, 34.2915539, 134.6542177, 丸山海釣り公園
1211, 35.4126954263199, 134.831464110169, 円山川河口
1212, 34.2935596, 134.6587409, 丸山漁港
1213, 34.6015526, 135.008527, 道の駅あわじ
1214, 34.3307963, 134.7268502, 湊港・赤灯
1215, 34.7282658, 135.3164017, 南芦屋浜
1216, 33.410561, 132.1273676, 明神漁港
1217, 34.8647968950632, 135.280803288983, 武庫川河口
1218, 34.7684775, 134.5018514, 室津漁港
1219, 34.7684775, 134.5018514, 室津漁港
1220, 34.7922796, 134.6929475, 妻鹿港
1221, 34.2290843, 134.7032958, メガフロート海づり公園
1222, 35.5897184, 134.4268567, 諸寄漁港
1223, 34.2736954, 134.9539461, 由良海上釣り堀 海人
1224, 34.2987868, 134.9415954, 由良・新川口漁港
1225, 35.6519185, 134.5749695, 鎧漁港
1226, 34.6830684, 135.2738837, 六甲マリンパーク
1227, 35.6555623, 134.8830292, 旭漁港
1228, 35.6904995, 135.014724, 浅茂川漁港
1229, 35.6737975, 135.2917948, 伊根漁港
1230, 35.7335008, 135.2734614, 浦島漁港
1231, 35.5641464, 135.398424, 小橋漁港
1232, 35.7517701, 135.2499233, 蒲入漁港
1233, 35.5751246, 135.2511891, 島陰漁港
1234, 35.5039639, 135.3339595, 白杉漁港
1235, 35.583255, 135.241118, 田井観光フィッシング
1236, 35.7404079, 135.0933957, 間人漁港
1237, 35.7449741, 135.1107439, 竹野漁港
1238, 35.7606605, 135.177583, 中浜漁港
1239, 35.5790552, 135.4481965, 成生漁港
1240, 35.6927711, 135.3057807, 新井漁港
1241, 35.5703711, 135.4275052, 野原漁港
1242, 35.6723784, 134.9639446, 浜詰漁港
1243, 35.6113358, 135.2162128, 日置漁港
1244, 35.5146292, 135.3438933, 舞鶴親海公園
1245, 35.5679398, 135.4545596, 舞鶴田井漁港
1246, 35.7118258, 135.0655641, 三津漁港
1247, 35.5536154, 135.2639798, 宮津市海洋釣り場
1248, 35.6613345, 135.2631305, 養老漁港
1249, 33.7356241026626, 135.37644597687, 会津川河口
1250, 33.9039395, 135.0744189, 阿尾漁港
1251, 33.608296, 135.393429, 朝来帰漁港
1252, 33.4845002, 135.7365934, 有田漁港
1253, 33.5028387, 135.8076503, 伊串漁港
1254, 33.5522712, 135.459791, 伊古木漁港
1255, 34.2604484, 135.092926, 磯ノ浦＆西脇漁港
1256, 33.7491344, 135.3271205, 一本松漁港
1257, 33.8124623, 135.2184978, 印南港
1258, 33.8266893, 135.1848673, 上野漁港
1259, 33.6623708, 135.9658039, 宇久井漁港
1260, 33.6634283, 135.9868876, 宇久井港
1261, 33.9071258, 135.0956859, 産湯漁港
1262, 33.5556303, 135.9087226, 浦神湾・浦神港
1263, 33.9903015, 135.1058316, 衣奈漁港
1264, 33.8923377, 135.1216057, 煙樹ヶ浜
1265, 33.7255419, 135.3781033, 扇ヶ浜
1266, 33.9272419, 135.0735452, 小浦漁港
1267, 34.308284, 135.0889628, 大川漁港
1268, 33.9695627, 135.0813973, 大引漁港
1269, 33.9430464, 135.0878154, 小杭漁港
1270, 33.8365634, 135.174823, 加尾漁港
1271, 33.580725, 135.418104, 笠甫漁港
1272, 33.4681465, 135.8493349, 樫野漁港
1273, 33.9491935, 135.0945341, 柏漁港
1274, 34.1947921, 135.1792818, 片男波＆和歌川河口
1275, 33.9400764, 135.084381, 方杭漁港
1276, 33.6847647, 135.3723856, カタタの釣堀
1277, 34.2767202, 135.0721824, 加太港
1278, 33.6277772, 135.9457439, 勝浦港
1279, 34.0051067, 135.1449566, 唐尾漁港
1280, 34.2656262, 135.4139536, 紀ノ川河口
1281, 33.7924416, 135.2377639, 切目川河口
1282, 33.4725476, 135.7814691, 串本港
1283, 33.8114051691383, 135.885143242061, 熊野川河口
1284, 33.9823136, 135.0892433, 小引漁港
1285, 34.1884241, 135.1480507, 雑賀崎親子釣りパーク
1286, 34.1884024, 135.1450412, 雑賀崎漁港
1287, 34.1342397, 135.1672042, 塩津漁港
1288, 33.5705289, 135.4313837, 志原海岸
1289, 33.8158777, 135.1937782, 下楠井漁港
1290, 33.533673, 135.870262, 下田原漁港
1291, 33.7241203, 135.9924819, 新宮港
1292, 34.1864602, 135.1576376, 新和歌浦港
1293, 33.5501227, 135.4966256, すさみ港
1294, 34.0408622, 135.1624258, 栖原漁港
1295, 33.7638672, 135.2962885, 千里浜＆目津崎
1296, 33.5900235, 135.9496593, 太地漁港
1297, 33.8952829, 135.0651887, 田杭漁港
1298, 33.4861746, 135.7098531, 田並漁港
1299, 34.183509, 135.151975, 田ノ浦漁港
1300, 34.0534214, 135.1480683, 田村漁港
1301, 34.0645289, 135.1360309, 千田漁港（高田漁港）
1302, 33.5174823, 135.8428991, 津荷漁港
1303, 34.1383003, 135.1439703, 釣り公園シモツピアーランド
1304, 34.0064124, 135.1425165, 釣堀紀州
1305, 33.730437, 135.3593146, 天神崎
1306, 34.1362367, 135.1579979, 戸坂漁港
1307, 33.9894879, 135.0937681, 戸津井漁港
1308, 33.7704736596467, 135.514751715729, 富田川河口
1309, 33.6454833, 135.9411174, 那智漁港（浜の宮港）
1310, 33.7430784, 135.3533341, 芳養漁港
1311, 33.91958, 135.0806373, 比井漁港
1312, 33.6449234, 135.5051944, 日置川河口
1313, 33.8753817, 135.1543675, 日高川河口・日高港
1314, 33.6300728, 135.3968006, 袋漁港（白浜町）
1315, 33.617382, 135.3941858, 見草
1316, 33.8141749796339, 135.381644133723, 南部川河口
1317, 33.7432916, 135.332769, 南部堺漁港
1318, 33.5240446, 135.5771002, 見老津漁港
1319, 33.6825434, 135.9888601, 三輪崎港
1320, 33.6018789, 135.9458029, 森浦湾・くじら浜公園周辺
1321, 33.7162175, 135.3932168, 文里港
1322, 34.0296701, 135.1691876, 湯浅広港
1323, 33.9567211, 135.0955856, 由良海つり公園
1324, 34.2294347, 135.1063376, 和歌山北港魚つり公園
1325, 34.1511713, 135.1811824, 和歌山マリーナシティ海釣り公園
1326, 35.5097773, 133.6604213, 赤碕漁港
1327, 35.577286, 134.2899458, 網代新港
1328, 35.5224981, 133.9869069, 井手ヶ浜
1329, 35.5652297, 134.2743922, 岩戸漁港
1330, 35.523755, 134.087616, 酒津漁港
1331, 35.3807813683148, 134.266757059791, 千代川河口
1332, 35.5948931, 134.3168559, 田後港
1333, 35.5370858, 134.1810356, 鳥取港（賀露港）
1334, 35.5160477, 133.9397188, 泊漁港
1335, 35.5289643, 134.0026923, 夏泊漁港
1336, 35.5260917, 134.1160807, 白兎海岸
1337, 35.5024922, 133.8762764, 橋津川河口・橋津港
1338, 35.6056848, 134.3453816, 羽尾漁港
1339, 39.2472464, 141.8906727, 平田漁港
1340, 35.5136382, 133.4958816, 御来屋漁港
1341, 35.5181251, 133.2552443, 夢みなと公園
1342, 35.4640128, 133.427379, 淀江漁港
1343, 35.184432, 132.4380759, 五十猛漁港（大浦港）
1344, 35.4684083, 132.7442571, 十六島港
1345, 35.4311195, 132.6382909, 宇竜漁港
1346, 35.528654, 132.9703519, 恵曇港
1347, 35.545473, 133.0534862, 大芦港
1348, 35.5667891, 133.0499751, 加賀港・桂島
1349, 35.5770965, 133.1297473, 笠浦漁港
1350, 35.5616108, 133.1899843, 片江漁港
1351, 35.4764001, 132.7540171, 釜浦漁港
1352, 35.4478011, 132.7499958, 河下港
1353, 35.2292671, 132.5252147, 久手港
1354, 35.501428, 132.838897, 小伊津港
1355, 35.0112935, 132.2207943, 江の川河口（江津港）
1356, 35.57126, 133.229673, 七類港
1357, 35.5903621, 133.11255, 瀬崎漁港
1358, 34.9000567, 132.0598064, 瀬戸ヶ島・オバセの波止
1359, 35.568503, 133.216851, 惣津港
1360, 35.4016342, 132.6659608, 大社築港
1361, 35.2749336, 132.5894732, 田儀港
1362, 35.5616282, 133.140144, 千酌港
1363, 35.1505942, 132.4033099, 仁万港
1364, 35.5829338, 133.118071, 野井漁港
1365, 34.8993937, 132.0802638, 浜田港・円通寺波止
1366, 34.8993937, 132.0802638, 浜田港・大島
1367, 34.7763002, 131.9653467, 三隅川河口
1368, 35.5371358, 133.0267766, 御津港
1369, 35.5603343, 133.3109506, 美保関港
1370, 35.1015391, 132.3520225, 温泉津港
1371, 34.4689097, 133.5774717, 青佐鼻海岸
1372, 34.618969, 134.1728205, 牛窓海水浴場
1373, 34.614587, 134.164921, 牛窓港
1374, 34.614587, 134.164921, 牛窓港・フェリー乗り場
1375, 34.493, 133.9517, 宇野港
1376, 34.4609805, 133.8816031, 王子が岳
1377, 34.4447588, 133.7805344, 大室港
1378, 34.4440839, 133.8115412, 大畠漁港
1379, 34.4546022, 133.5150161, 神島外浦漁港
1380, 34.46062, 133.8085, 児島観光港
1381, 34.4726815, 133.8355012, 琴浦港
1382, 34.589397, 134.116095, 子父雁漁港
1383, 34.4735237, 133.7583853, サノヤスドック
1384, 34.5024527, 133.6333309, 沙美海水浴場
1385, 34.4549398, 133.9032785, 渋川海岸
1386, 34.4567984, 133.8993257, 渋川港
1387, 34.5864132, 133.9560922, 締切堤防
1388, 34.4370976, 133.7949971, 下津井港・祇園神社
1389, 34.4674415, 133.5584004, 正頭漁港
1390, 34.6022445, 133.974919, 新岡山港・三蟠港
1391, 34.6050699, 133.98622, 新岡山港・フェリー乗り場
1392, 34.4656966, 133.4838519, 新笠岡港・岸壁
1393, 34.5147287, 133.93891, 田井新港
1394, 34.4929823, 133.9629209, 高辺鼻
1395, 34.4526221, 133.7745047, 高室港
1396, 34.4367139, 133.8059433, 田之浦港
1397, 34.4702341, 133.8470816, 田の口港
1398, 34.5191535, 133.6753082, 玉島E地区
1399, 34.4716052, 133.5304572, 夏目港
1400, 34.588825, 134.09889, 西宝伝漁港
1401, 34.2571666, 135.0987901, 西脇漁港
1402, 34.4430138, 133.7836695, 東下津井港
1403, 34.59001, 134.10631, 東宝伝漁港
1404, 34.73144, 134.2692832, 日生港
1405, 34.4535257, 133.9329484, 向日比港
1406, 34.9552196486965, 134.019674379997, 吉井川河口
1407, 34.4844615, 133.584719, 寄島園地
1408, 34.5367315573518, 133.144969016148, 芦田川河口
1409, 34.3226074, 132.3126369, 阿品護岸
1410, 34.3924615, 133.1043327, 糸崎港・岸壁
1411, 34.3531548, 132.4701083, 宇品波止場公園
1412, 34.3936826, 132.429092, 太田川放水路
1413, 34.236644, 132.2242605, 小方港
1414, 34.2794019, 132.2729298, 小田島公園
1415, 34.1955384, 132.3032876, 海上釣り堀 海遊
1416, 34.1981921, 132.3158893, 海上釣堀 大漁丸
1417, 34.2901239, 132.2819112, 上の浜港
1418, 34.2617997, 132.5170654, 狩留家海浜公園
1419, 34.3665085, 132.3999839, 草津港
1420, 34.256906, 132.2276115, 玖波漁港
1421, 34.1995288, 132.5408507, 警固屋中学校前
1422, 34.2484433, 132.4926445, 小用港
1423, 34.3749514, 133.3220191, 敷名・内海大橋下
1424, 34.339464, 132.31991, 地御前漁港
1425, 34.3528868, 133.081912, すなみ海浜公園
1426, 34.36011, 133.0833, 須波港
1427, 34.36864, 133.3047, 田島・内海中学校前
1428, 34.3679804, 133.3362473, 田島・クレセントビーチ周辺
1429, 34.3373645, 132.9936341, 忠海漁港
1430, 34.3373645, 132.9936341, 忠海港
1431, 34.3574075, 132.5017319, 東部浄化センター周辺
1432, 34.3828651, 133.3812012, 鞆の浦・原港
1433, 34.3828651, 133.3812012, 鞆の浦・平港
1434, 34.379291, 133.3536025, 能登原港
1435, 34.3455215, 132.5080439, 平成ヶ浜
1436, 34.3259011, 132.9216917, 的場海水浴場
1437, 34.2753647, 132.2596661, 丸石漁港
1438, 34.3449089, 132.461409, 元宇品西護岸
1439, 34.4329135, 133.2695756, 柳津港
1440, 34.3505237, 133.2929859, 横島・大波止
1441, 34.3442701, 133.2739077, 横島・浜沖波止
1442, 34.3442701, 133.2739077, 横島・坊地
1443, 34.3354134, 133.2743758, 横島・横山海岸
1444, 34.4086914, 133.1577615, 吉和港
1445, 33.9958613, 131.4269509, 秋穂漁港
1446, 34.0347270655461, 130.943533175668, 綾羅木川河口
1447, 34.0297979, 132.2174821, 有家港
1448, 33.9549004, 130.94291, あるかぽーと
1449, 34.6400995, 131.6438523, 江崎港
1450, 34.4705535, 131.4387027, 大井浦漁港
1451, 34.414475, 131.2079766, 大日比漁港
1452, 34.0324752, 131.4669279, 大海漁港
1453, 33.988093, 131.8604035, 笠戸大橋下
1454, 33.9793468, 131.8631171, 笠戸島・本浦漁港
1455, 33.8340981, 132.1208167, 上関白浜漁港
1456, 33.9620793, 131.1610654, 刈屋漁港
1457, 34.4166442, 131.3876548, 菊ヶ浜
1458, 34.4069024, 130.9723967, 久津漁港
1459, 34.4069024, 130.9723967, 久原漁港
1460, 34.148554, 130.900854, 黒井漁協 観光釣り堀
1461, 34.1770248, 130.9264373, 小串漁港
1462, 34.4387405, 131.4224589, 越ケ浜漁港
1463, 34.3060606, 130.9184447, 特牛漁港
1464, 34.1432028876467, 131.260743591273, 厚東川河口
1465, 34.1919840853631, 131.620962128329, 佐波川河口
1466, 34.3979393, 131.3287472, 三見漁港
1467, 34.353987, 130.90169, 島戸漁港
1468, 34.0628938, 130.9017666, 下関フィッシングパーク
1469, 33.9394768, 132.2608986, 周防大島・久賀港
1470, 33.9426863, 132.2041748, 周防大島・三蒲港
1471, 33.9788178, 131.7618912, 粭島・大東漁港
1472, 34.6091674, 131.5911993, 須佐港
1473, 34.6320919, 131.604244, 須佐湾フィッシングパーク
1474, 34.4086733, 131.1954609, 仙崎港
1475, 34.3946009, 131.203498, 仙崎・人工島
1476, 34.0684992, 132.2092272, 通津港
1477, 34.360624, 130.8753309, 角島・尾山港
1478, 34.3728417, 130.8668879, 角島・牧崎風の公園
1479, 34.0494636, 131.7994227, 徳山港
1480, 33.950145, 131.307743, 床波漁港
1481, 34.0479261, 131.643086, 富海漁港
1482, 34.0130377, 131.5587451, 中関埠頭
1483, 33.8323395, 132.1112914, 長島・上関漁港
1484, 34.0599135, 131.7237245, 長田海浜公園
1485, 34.5036331, 131.4912791, 奈古漁港
1486, 33.9733812, 131.9146655, 虹ケ浜
1487, 34.381601, 131.247751, 野波瀬漁港
1488, 34.4081121, 131.3990499, 萩漁港
1489, 34.4228802, 131.3994822, 萩商港
1490, 33.949815, 130.935335, 岬之町
1491, 33.9618201, 131.9422491, 光港
1492, 33.9266868, 130.8996809, 彦島荒田港
1493, 33.9444993, 130.8971644, ひこっとらんどマリンビーチ
1494, 33.928046, 131.96425, フィッシングパーク光
1495, 34.4081121, 131.3990499, マリーナ萩周辺
1496, 33.9054313, 132.069578, 丸山海浜パーク
1497, 33.926642, 131.262349, 岬漁港
1498, 33.9610983, 131.943075, 光井港
1499, 34.0079614, 131.5688702, 向島運動公園
1500, 33.9986071, 131.5601913, 向島・小田漁港
1501, 34.1386524, 130.8847447, 室津下漁港
1502, 33.9273317, 131.9742007, 室積港
1503, 34.0276733, 130.9264963, 安岡漁港
1504, 34.0458926, 132.2177447, 由宇港
1505, 34.1003153, 130.8829138, 吉母漁港
1506, 34.4500948, 131.4139723, 嫁泣漁港
1507, 33.6325213, 134.3520324, 浅川沖堤防
1508, 33.7421477, 134.5552203, 恵比須浜
1509, 34.2257875, 134.5233694, 大浦漁港
1510, 33.7331755, 134.5411183, 大浜海岸
1511, 34.0606804, 134.5998975, 沖洲マリンピア
1512, 34.2135867, 134.4791114, 折野漁港
1513, 34.2314694, 134.6250855, 亀浦観光港
1514, 34.2314694, 134.6250855, 亀浦港
1515, 33.9154121, 134.699744, 亀崎漁港
1516, 33.7654729, 134.5643159, 木岐港
1517, 34.2349215, 134.5772578, 北泊・新波止
1518, 33.9958094, 134.6127609, 小松島岸壁
1519, 33.562297, 134.308076, 宍喰漁港
1520, 33.7838047, 134.6101846, 志和岐港
1521, 33.8694696, 134.6363267, 中浦緑地
1522, 33.9024221, 134.690843, 中林漁港
1523, 33.5847526, 134.3482894, 那佐
1524, 34.225516, 134.5702359, 日出湾
1525, 33.665749, 134.441947, 古牟岐港
1526, 33.6668273, 134.4434122, モラスコむぎ
1527, 34.2138564, 134.6314159, 八木の鼻
1528, 33.7758179, 134.5916692, 由岐港
1529, 34.1944953, 134.6262558, 竜宮の磯
1530, 34.2132009, 134.425591, 相生漁港
1531, 34.3913098, 134.12647, 庵治漁港
1532, 34.2384462, 134.3987672, 安戸港
1533, 34.1413995, 133.6421035, 有明浜
1534, 34.2692759, 133.6341705, 粟島港
1535, 34.36168, 133.9651325, 生島港
1536, 34.2740851, 134.2942997, 馬篠漁港
1537, 34.3187627, 134.2635546, 江泊漁港
1538, 34.3960724, 134.1251929, 江の浜漁港
1539, 34.3506757, 134.042081, 大的場
1540, 34.3379943, 134.2366999, 小田浦漁港
1541, 34.3922028, 134.1534891, 鎌野漁港
1542, 34.1261327, 133.6369316, 観音寺港
1543, 34.2676175, 134.3224086, 小磯漁港
1544, 34.3622913, 134.1575016, 高尻海岸
1545, 34.316426, 133.8604948, 坂出港・赤灯台
1546, 34.2525444, 134.3354814, 三本松港
1547, 34.3247913, 134.1739232, 志度港
1548, 34.3786024, 134.163471, 篠尾漁港
1549, 34.4698735, 134.2349907, 小豆島ふるさと村釣り桟橋
1550, 35.6279657, 138.5351404, 昭和町
1551, 34.353425, 134.0258661, 新北町
1552, 34.1996656, 133.6361626, 新仁尾港
1553, 34.2340068, 133.6524518, 須田港
1554, 34.3495792, 133.8265253, 瀬戸大橋記念公園
1555, 34.2394582, 134.3955729, ソルトレイクひけた安戸池釣場フィッシュフック
1556, 34.3508722, 134.0339421, 高松漁港
1557, 34.342542, 134.0465405, 高松市F地区
1558, 34.3506893, 134.0636185, 高松市G地区
1559, 34.342542, 134.0465405, 高松市木材港
1560, 34.2468349, 133.6716759, 詫間町ゴマジリ
1561, 34.39932, 134.1352085, 竹居漁港
1562, 38.443118, 141.4891488, 竹浦漁港
1563, 34.2731257, 133.744684, 多度津港
1564, 34.2722762, 133.7532274, 多度津西護岸
1565, 34.2831078, 134.2650566, 津田埋立地
1566, 34.2965122, 134.2473092, 津田港
1567, 34.4450667, 134.0017492, 直島つり公園
1568, 34.219334, 133.6196672, 名部戸海水浴場
1569, 34.2524295, 133.5769014, 生里漁港
1570, 34.2062461, 133.6359301, 仁尾マリーナ周辺
1571, 34.2551015, 133.5756594, 仁老浜漁港
1572, 34.3703865, 133.900743, 乃生漁港
1573, 34.25817, 133.5899057, 箱浦漁港
1574, 34.0917838, 133.6388678, 花稲漁港
1575, 34.341382, 133.8835114, 林田新港
1576, 34.3433295, 133.8458252, 番の州西護岸
1577, 34.2259129, 134.4061614, 引田漁港
1578, 34.2299405, 134.4074092, 引田港
1579, 34.2441031, 133.5860346, 肥地木漁港
1580, 34.3082855, 133.7786459, 蓬莱海浜公園
1581, 34.2951, 133.7909, 丸亀港
1582, 34.3407425, 134.1551823, 牟礼港
1583, 34.3376192, 134.185565, 室沖漁港
1584, 34.1558765, 133.6451988, 室本港
1585, 34.277877, 134.3056696, 山田海岸
1586, 33.2383667, 132.5364531, 赤松漁港
1587, 33.3131283, 132.4437378, あけはまシーサイドサンパークの釣り桟橋
1588, 34.0100333, 132.8027334, 浅海漁港
1589, 33.4698754, 132.2682929, 足成漁港
1590, 33.3705412, 132.4147325, 有網代の波止
1591, 33.4858514, 132.3488225, 伊方港
1592, 33.557943, 132.432658, 出海漁港
1593, 33.3671058, 132.1053802, 井野浦
1594, 34.07028, 133.0049, 今治港
1595, 33.7569724, 132.6993664, 伊予港
1596, 34.2257875, 134.5233694, 大浦漁港
1597, 33.8509634, 132.6960083, 大可賀釣り公園
1598, 34.097736, 132.984785, 大浜漁港（今治市）
1599, 33.1445233, 132.4443721, 大浜漁港（宇和島市）
1600, 33.6105678, 132.4752303, 沖浦漁港
1601, 33.4589008, 132.3902585, おさかな牧場シーロード八幡浜
1602, 33.9866395, 133.4300632, 蕪崎漁港
1603, 33.6718287754197, 132.656870011186, 上灘漁港
1604, 34.0569045, 132.869429, 亀岡漁港
1605, 33.529026, 132.387299, 喜木津漁港
1606, 33.9777507, 133.2835744, 菊本岸壁
1607, 33.8379387, 132.7002782, 北吉田
1608, 33.5733057, 132.4390195, 櫛生漁港
1609, 33.928092, 133.1577615, 西条港
1610, 33.9761822, 133.2962592, 沢津漁港
1611, 33.9698296, 133.4966863, 寒川豊岡海浜公園
1612, 33.6515329, 132.5763429, 下灘漁港（豊田漁港）
1613, 33.906838, 132.7095049, 白石ノ鼻
1614, 33.8921943, 132.7064421, 高浜観光港
1615, 33.4331963, 132.1794933, 田部漁港
1616, 34.0503538, 133.0304196, 富田新港
1617, 33.4746623, 132.3311025, 豊之浦漁港
1618, 33.4796513, 132.2866371, 鳥津漁港
1619, 33.9705912, 132.7707262, 土手内港
1620, 33.9239706, 133.1292618, 中山川河口
1621, 33.9742434, 133.4716347, 長津漁港
1622, 33.6150921, 132.4835044, 長浜新港
1623, 33.9887037, 133.3415357, 新居浜東港＆黒島
1624, 33.9880813, 133.3222227, 垣生漁港
1625, 33.9747412, 132.7698732, 北条港・砂置き場
1626, 33.9031732, 132.7398527, 堀江海水浴場
1627, 33.4504758, 132.2485725, 三机港
1628, 33.8640849, 132.7112765, 三津埠頭
1629, 33.8242278, 132.7002782, 南吉田
1630, 33.4633697, 132.4073587, 向灘の波止
1631, 33.744743, 132.6787696, 森漁港
1632, 33.9027735, 132.7329594, 和気漁港
1633, 33.5382053, 133.7221044, 赤岡漁港
1634, 33.5018234, 133.8851853, 安芸漁港
1635, 32.7832467, 132.9378983, あしずり港
1636, 32.8018033, 132.6562727, 安満地漁港
1637, 33.4705767, 133.9440334, 伊尾木漁港
1638, 32.920637, 132.6889067, 池島漁港（新港）
1639, 33.4086359, 133.411075, 池ノ浦漁港
1640, 33.034759, 133.075349, 伊田漁港
1641, 32.7834273, 132.6425632, 一切漁港
1642, 33.012639, 133.009876, 入野漁港
1643, 33.4407869, 133.4378764, 宇佐漁港
1644, 33.4971366, 133.5749209, 桂浜突堤
1645, 33.0392062, 133.0553756, 上川口港
1646, 33.2771766, 133.2455679, 上ノ加江港
1647, 33.3825631, 134.035594, 加領郷漁港
1648, 33.5440064, 134.3019743, 甲浦港
1649, 33.2940444, 134.1141312, 行当漁港
1650, 33.395732, 133.339618, 久通漁港
1651, 33.335976, 133.194086, 久礼新港
1652, 32.7897236, 132.6899854, 古満目漁港
1653, 32.8816961, 132.7092802, 栄喜漁港
1654, 33.3078371, 130.2271243, 佐賀新港
1655, 33.391521, 134.211061, 佐喜浜港
1656, 33.3271818, 134.1977413, 椎名漁港
1657, 33.2965737, 134.1089338, 新村漁港
1658, 32.791224, 132.8418538, 下川口漁港
1659, 32.8888745, 132.9319657, 下ノ加江港
1660, 32.9240411, 132.677052, 宿毛新港
1661, 33.261954, 134.184191, 高岡漁港
1662, 32.7876244, 132.8683746, 竜串漁港
1663, 33.5044788, 133.5691045, 種崎突堤（赤灯台）
1664, 33.504372, 133.563327, 釣りセンターうらど
1665, 33.5284077, 133.7563814, 手結港
1666, 32.7815775, 132.9550004, 土佐清水港
1667, 32.8412283, 132.6687034, 泊浦漁港
1668, 33.3583727, 133.3088528, 中ノ島漁港
1669, 33.5260594, 133.5495064, 灘漁港
1670, 33.5153562, 133.7714507, 西分漁港
1671, 33.4968742, 134.2682776, 野根漁港
1672, 33.3759197, 133.3123654, 野見潮ばかり公園
1673, 32.9344663, 132.9842551, 初崎漁港
1674, 33.3709581, 134.0374882, 羽根漁港
1675, 33.4689358, 133.5046862, 春野漁港
1676, 32.9474725, 132.5938413, 深浦漁港
1677, 33.3296014, 133.2492771, 双名島
1678, 33.2776617, 134.1672804, 室戸岬漁港
1679, 33.2418836, 133.2475425, 矢井賀漁港
1680, 33.5361929, 133.6921264, 吉川漁港
1681, 33.7628296, 130.3688173, 相島
1682, 33.8948899, 130.9100778, 赤坂海岸
1683, 33.8938696, 130.663761, 芦屋漁港
1684, 33.7038821, 131.0353139, 稲童漁港
1685, 33.8484297, 130.9768487, 井ノ浦港
1686, 33.932234, 130.683628, 岩屋漁港
1687, 33.6258903, 131.1438853, 宇島漁港
1688, 33.6276234, 131.1260218, 宇島港
1689, 33.6276234, 131.1260218, 宇島港・豊前発電所 神社裏
1690, 33.89396, 130.432332, うみんぐ大島
1691, 33.6327484, 130.1847501, 大口海岸
1692, 33.6574818, 130.32773, 大岳海岸
1693, 33.5935179, 130.314335, 小戸公園
1694, 33.6888583639565, 130.736075156429, 遠賀川河口
1695, 33.9077298, 130.6613806, 柏原漁港
1696, 33.9273868, 130.9406154, 片上一文字
1697, 33.8848312, 130.5305175, 鐘崎漁港
1698, 33.5486024, 130.1617795, 加布里漁港
1699, 33.6440724, 130.2340053, 唐泊漁港
1700, 42.9982094, 140.5213892, 苅田港・旧フェリー埠頭
1701, 33.7727163, 130.9926857, 苅田港緑地公園
1702, 33.7759741, 130.9805119, 苅田南港・南防波堤
1703, 33.5737169, 130.1215821, 岐志漁港
1704, 33.7867964, 130.9969757, 九電苅田発電所裏
1705, 33.4931113, 130.0462865, 串崎・鹿家漁港
1706, 33.5888891, 130.1081584, 芥屋漁港
1707, 33.8522699, 130.4838041, 神湊漁港
1708, 33.6604769, 130.3522402, 西戸崎
1709, 33.8657323150004, 130.600406283336, 汐入川河口
1710, 33.666425, 130.3152835, 志賀島・赤灯台（東波止）
1711, 33.6607016, 130.3103999, 志賀島漁港
1712, 33.6260878, 131.0944054, 松江漁港
1713, 33.9421011, 131.014425, 白野江漁港
1714, 33.8390098, 131.0333225, 新北九州空港・連絡橋下
1715, 33.7177147, 130.4241165, 新宮漁港
1716, 33.5674758, 130.1305907, 新町漁港
1717, 33.889495, 131.003325, 新門司マリーナ
1718, 33.9015719, 130.4999942, 地島
1719, 33.6090431, 130.3885498, 須崎埠頭
1720, 33.5395832290544, 130.242456803684, 瑞梅寺川河口
1721, 33.8835434, 132.7016148, 高浜港
1722, 33.6131181311609, 130.502481699618, 多々良川河口
1723, 33.9619823, 131.0104091, 太刀浦岸壁
1724, 33.5126707, 130.1032908, 大入漁港
1725, 33.7899635, 130.4592501, 津屋崎漁港
1726, 33.8484313, 130.4998066, 釣川河口
1727, 33.9002922, 130.8168007, 戸畑漁港
1728, 33.6959324, 130.4066654, 奈多漁港
1729, 35.3016396, 139.4797242, 西浦漁港
1730, 33.615718, 130.1586801, 野北漁港
1731, 33.9560092, 130.964292, ノーフォーク広場周辺
1732, 33.6340955, 130.4098814, 箱崎埠頭
1733, 33.8855415, 130.5667185, 波津漁港
1734, 33.9066794, 130.882331, 日明・海峡釣り公園
1735, 33.5538872056116, 130.377737033991, 樋井川河口
1736, 33.9103962, 130.9914922, 柄杓田漁港
1737, 33.9184186, 130.728349, 響灘埋立地・若松沖波止
1738, 33.669274, 130.290556, 弘漁港
1739, 33.52341, 130.1307459, 深江漁港
1740, 33.6264939, 130.2288504, 福岡市海づり公園
1741, 33.5755397, 130.0934902, 福の浦漁港
1742, 33.7640953, 130.4692507, 福間漁港海浜公園
1743, 33.5065474, 130.0861524, 福吉港
1744, 33.556379, 130.1263988, 船越漁港
1745, 33.9593785, 131.0229417, 部埼の波止
1746, 33.8941802, 130.8102026, 牧山海岸
1747, 34.0797777, 139.563655, 三池港
1748, 33.7480355, 131.0101621, 蓑島漁港
1749, 33.5432246574887, 130.313956670309, 室見川河口
1750, 33.5950723, 130.326859, 姪浜漁港
1751, 33.9576024, 130.9619581, 和布刈公園前
1752, 33.9032695, 130.9687836, 門司港
1753, 33.9438393, 130.9574259, 門司西海岸
1754, 33.6197382, 131.1830157, 吉富漁港
1755, 33.935551, 130.7284902, 脇田海釣り桟橋
1756, 33.9329083, 130.7994442, 若松運河・響灘大橋下
1757, 33.4564019306945, 129.882976374966, 有浦川河口
1758, 33.2600049621092, 129.880406602882, 伊万里川河口
1759, 33.316666, 129.842526, 伊万里市・築港
1760, 33.3033903, 129.8294102, 伊万里湾大橋下
1761, 33.3351972, 129.7924705, 浦ノ崎港
1762, 33.5043696, 129.9616459, 相賀漁港
1763, 32.5235976, 130.3716009, 大浦港
1764, 33.410946, 129.8645135, 大浦浜漁港
1765, 33.5569562, 129.881054, 加部島・赤灯台
1766, 33.5544153, 129.8914093, 加部島漁港
1767, 33.5569562, 129.881054, 加部島・ゴロタ
1768, 33.542871, 129.8811142, 加部島・呼子大橋
1769, 33.4500971, 129.9682676, 唐津城下の波止
1770, 33.474068, 129.9561465, 唐津西港
1771, 33.4698195, 129.9631868, 唐津東港
1772, 33.460809, 129.855856, 仮屋湾遊漁センター
1773, 33.4762001, 129.8254753, 京泊漁港
1774, 33.521525, 129.851543, 串浦漁港
1775, 33.3099574, 129.8176446, 久原埠頭
1776, 33.471737, 129.8497207, 玄海海上温泉パレア周辺
1777, 33.404338, 129.854299, 国民宿舎いろは島周辺
1778, 33.5467705, 129.9055359, 小友漁港（キャランコビーチ）
1779, 33.4571149033113, 129.936302199467, 佐志川河口
1780, 33.4550613, 129.8363001, 菖津漁港
1781, 33.1295675, 130.168903, 新有明漁港
1782, 33.4219297, 129.8260714, 高串漁港
1783, 33.4468731, 130.136369, 玉島川河口
1784, 33.4606197, 129.8068054, 駄竹漁港
1785, 33.4824957, 129.9421125, 唐房漁港
1786, 33.5339809, 129.8807751, 名護屋漁港
1787, 33.3733, 129.868747, 波多津漁港
1788, 33.5470281, 129.85701, 波戸漁港
1789, 33.4402918, 130.0248512, 浜玉漁港
1790, 33.4347575, 129.810629, 晴気漁港
1791, 33.4394668, 129.9970326, 東唐津の波止
1792, 33.2311517160736, 130.22440785192, 福所江川河口
1793, 34.662726, 137.8798875, 福田海岸
1794, 33.4486749, 129.7894764, 星賀漁港
1795, 33.4035307, 129.9913198, 松浦川河口
1796, 33.3651658, 129.8617695, 馬蛤潟
1797, 33.5374555, 129.9289662, 屋形石漁港
1798, 33.5468257, 129.8912161, 呼子港
1799, 33.5470718, 129.8916132, 呼子台場プラザ
1800, 33.5484328, 129.8969606, 呼子ロッジ下の波止
1801, 33.1972022, 129.6234241, 浅子漁港
1802, 33.3933667, 129.435318, 壱部浦港
1803, 33.354178, 129.763215, 今福港
1804, 32.794304, 130.085204, 有喜漁港
1805, 33.3729097, 129.5417989, 薄香漁港
1806, 38.5770849, 140.9556309, 大崎の波止
1807, 33.0396777, 129.590602, 太田尾漁港
1808, 33.043747, 129.660291, 太田和港
1809, 33.4397264, 129.4301207, 大バエ
1810, 33.0745077, 129.6681036, 面高港
1811, 33.3424239, 129.4416998, 春日港
1812, 32.6449795, 130.1708638, 加津佐漁港
1813, 32.5622749, 129.7832826, 樺島港
1814, 33.3734243, 129.5974547, 釜田港
1815, 32.722537, 129.8244687, 神ノ島
1816, 32.6476315, 129.8090271, 蚊焼港
1817, 33.0607696, 129.8671555, 川棚港
1818, 31.8535541, 130.209229, 川内港
1819, 33.3614283, 129.7755672, ぎぎが浜
1820, 32.6092796, 130.185829, 口之津港
1821, 33.3522649, 129.6948803, 黒潮港
1822, 33.217538, 129.5536589, 神崎鼻・神崎漁港
1823, 32.7584903, 129.8085918, 小江港
1824, 33.0527761, 129.766108, 崎針尾漁港
1825, 32.8634992, 129.8803451, 潮井崎公園
1826, 33.3892009, 129.5411612, 潮の浦港
1827, 33.2731236, 129.589388, 鹿町漁港
1828, 32.7860834, 129.7896601, 式見漁港
1829, 33.3013398054556, 129.757498461094, 志佐川河口
1830, 33.201478, 129.4113598, 志々伎港
1831, 33.0181217, 129.763351, 四本堂公園周辺
1832, 33.3657747, 129.5599202, 白浜港
1833, 32.7182423, 129.8171274, 四郎ヶ島
1834, 32.8228255, 129.7652711, 新長崎漁港
1835, 33.367552, 129.66943, 新御厨港
1836, 33.268535, 129.570167, ジャンボフィッシング村
1837, 33.3339708, 129.5327103, 千里ヶ浜
1838, 33.0387956, 129.9098816, 彼杵港
1839, 32.8758504, 130.3093013, 多比良港
1840, 33.45527, 129.7595909, 鷹島・阿翁浦漁港
1841, 33.4079898, 129.737816, 鷹島・床浪の岸壁
1842, 33.4282781, 129.7568198, 鷹島・殿ノ浦漁港
1843, 33.4442696, 129.7688395, 鷹島・日比漁港
1844, 33.411815, 129.725458, 鷹島・船唐津漁港
1845, 32.638133, 129.799241, 岳路海水浴場
1846, 33.3916363, 129.5552855, 田助港
1847, 33.3613106, 129.4343456, 舘浦漁港
1848, 32.642637, 129.8347608, 為石漁港
1849, 33.1227218, 129.6698776, 俵ヶ浦漁港
1850, 33.3556651, 129.7257712, 調川港・埋立地
1851, 33.2631631, 129.4113598, 堤漁港
1852, 32.777187, 129.800121, 手熊漁港
1853, 32.8455668, 129.8688658, 長与港
1854, 33.401224, 129.812068, 鍋串漁港
1855, 33.3441684, 129.787145, 滑栄漁港
1856, 33.3557148, 129.6382371, 西木場の波止
1857, 35.0112231, 136.8180192, 西浜港
1858, 33.2846395, 129.4424389, 根獅子港
1859, 32.6119067, 129.7888548, 野々串漁港
1860, 33.2235198, 129.3906318, 早福港
1861, 32.5936784, 130.1776693, 早崎漁港
1862, 33.3545557, 129.4993929, 半元の波止
1863, 32.6844658, 129.8186644, 深堀漁港
1864, 31.4499855, 131.2169189, 福島港
1865, 33.556379, 130.1263988, 船越漁港
1866, 32.6002454, 129.7753133, 古里港
1867, 33.4224642, 129.7104956, 星鹿漁港
1868, 33.20917, 129.451717, 前津吉港
1869, 32.7564461, 129.9743407, 牧島弁天
1870, 32.8226525, 129.7477466, 三重漁港
1871, 32.7484497, 129.8546969, 水の浦
1872, 33.1927492, 129.3586278, 宮ノ浦漁港
1873, 33.2313738, 129.4757367, 女鹿の地磯
1874, 32.7072925, 129.9131528, 茂木港
1875, 32.5846519, 129.7807076, 脇岬港
1876, 32.6515933, 130.5152578, 赤瀬新港
1877, 32.5235976, 130.3716009, 天草大浦港
1878, 32.5658138, 130.4534716, 天草釣堀レジャーランド
1879, 32.3154092, 130.0047686, 軍ヶ浦港
1880, 32.6623559, 130.5219565, 宇土マリーナ
1881, 32.2807868, 130.4523153, 合串漁港
1882, 32.3564966, 130.2124122, 大多尾漁港
1883, 32.3598533, 130.4863096, 御立岬公園海釣りランド
1884, 32.546867, 130.1869852, 鬼池港
1885, 32.3446172757518, 130.79640117378, 球磨川河口
1886, 32.7657065, 130.5826246, 熊本新港
1887, 32.4914998, 130.1956359, 佐伊津漁港
1888, 32.302973, 130.5044465, 佐敷港・御番所の鼻
1889, 34.6309752, 135.081765, 塩屋漁港
1890, 32.5159484, 130.0512442, 志岐漁港
1891, 32.51419, 130.3406, 須子漁港
1892, 32.5760448, 130.4824717, 蔵々漁港
1893, 35.4932943, 135.5511512, 高浜漁港
1894, 32.4116735, 130.3343827, 棚底港
1895, 32.5510391, 130.1160335, 通詞島
1896, 32.3116585, 130.4709895, 鶴木山港
1897, 32.526041, 130.0363042, 富岡港
1898, 32.9282895, 130.4429822, 長洲港
1899, 32.8807506, 130.5219498, 滑石漁港
1900, 32.5399961, 130.1096956, 西川内港
1901, 32.5828183, 130.389317, 野釜漁港
1902, 32.5826487, 130.4022804, 鳩の釜港
1903, 32.5365797, 130.4035896, 樋合新港
1904, 32.516409, 130.4564194, 干切漁港
1905, 32.39171, 130.4086, 樋島大橋下
1906, 32.43784, 130.41101, 姫戸港
1907, 32.2540995, 130.097685, 深海漁港
1908, 33.5999224, 130.3662673, 福浜漁港
1909, 32.4559124, 130.2000816, 本渡港
1910, 32.217567, 130.3860619, 丸島新港
1911, 32.6069682, 130.4711555, 三角西港
1912, 32.6218622, 130.4558038, 三角東港
1913, 32.7181915, 130.6081067, 緑川河口・サヨンバネ
1914, 32.1950359, 130.3789807, 水俣港
1915, 32.3979758, 130.3103412, 宮田港
1916, 32.4699188, 130.4370696, 牟田漁港
1917, 32.9071911, 130.4643635, 名石浜
1918, 32.2174194, 130.0090682, 茂串漁港
1919, 32.5257757, 130.5365621, 八代外港
1920, 32.5516405, 130.4440642, 柳港
1921, 32.1835597, 130.3756762, 湯堂港
1922, 32.2362532, 130.417404, 湯の児島
1923, 32.2337527, 130.4109872, 湯の児フィッシングパーク
1924, 32.5992779, 130.4063732, 弓ヶ浜港
1925, 33.1195262, 131.8215694, 板知屋港
1926, 33.5685626, 131.7345716, 伊美港
1927, 33.1261399, 131.810445, 臼杵港
1928, 33.259052, 131.6202043, 大分川河口
1929, 33.2565156, 131.5992547, 大分港・5号地テトラ・白灯波止
1930, 33.2518984, 131.6064977, 大分港・住吉泊地
1931, 33.2482369, 131.7466588, 大在公共埠頭
1932, 33.110448, 131.8352365, 大泊漁港
1933, 33.0882708973182, 131.520911845344, 大野川河口
1934, 33.2425461, 131.6753659, 乙津川河口・乙津港
1935, 33.6723861, 131.5117244, 香々地・新波止
1936, 32.946339, 132.0681732, 梶寄港
1937, 32.791986, 131.886128, かまえ海上釣り堀 釣っちゃ王
1938, 33.3313306, 131.4957415, 亀川漁港
1939, 33.5685626, 131.7345716, 国東港
1940, 33.672143, 131.6497101, 熊毛港
1941, 33.6167499, 131.188891, 小祝漁港・山国川河口
1942, 33.2445344, 131.8855017, 幸ノ浦漁港
1943, 32.9764481, 131.9060679, 佐伯港
1944, 33.2499337, 131.8648792, 佐賀関港
1945, 32.948204, 132.033287, 猿戸漁港
1946, 32.9437491, 132.0758958, 下梶寄
1947, 33.2898743, 131.5042168, 新若草港・若草港
1948, 32.953413, 131.9543065, 地松浦港
1949, 33.4091192, 131.6657275, 住吉浜リゾートパーク
1950, 33.679004, 131.5651843, 竹田津港
1951, 33.2502595, 131.5437598, 田ノ浦ビーチ・仏崎
1952, 33.6006065634702, 131.697005925634, 富来港
1953, 33.3581462, 131.498788, 豊岡漁港
1954, 32.9346191, 132.0065622, 中越漁港
1955, 33.6065483, 131.2404666, 中津港
1956, 33.24613, 131.5886, 西大分港
1957, 33.1234033, 131.8853365, 破磯港
1958, 32.7485694, 131.8746667, 波当津漁港
1959, 33.2704608, 131.5105493, 浜脇港・朝見川河口
1960, 33.369216, 131.5326365, 日出港
1961, 33.2479002, 131.7746993, 日吉原公共埠頭
1962, 33.073573, 131.8614708, 深良津港
1963, 33.2766571, 131.5083499, 別府楠港
1964, 33.2996184, 131.5037771, 別府国際観光港
1965, 33.105383, 132.005529, 保戸伝説
1966, 32.9450389, 131.9765667, マリンパーク有明
1967, 32.8051405, 131.9550809, 元猿漁港
1968, 32.685703, 131.8119175, 阿蘇港
1969, 31.5813173, 131.4042159, 油津港
1970, 32.4871494, 131.6959203, 庵川港
1971, 32.646094, 131.766195, 浦城港
1972, 32.5995074690869, 131.533497712022, 大瀬川河口
1973, 31.5585355, 131.3847303, 大堂津港
1974, 31.7879544133958, 131.230163711857, 大淀川河口
1975, 32.54428581959, 131.656042024545, 沖田川河口
1976, 32.1328931, 131.537827, 小丸川河口
1977, 32.4711026, 131.6570239, 門川漁港
1978, 32.1920256, 131.5259067, 川南漁港
1979, 32.693538, 131.7855217, 熊野江港
1980, 32.4246843, 131.6805648, 黒田の家臣
1981, 34.6775, 135.226944, 神戸港
1982, 31.5178911, 131.3790041, 栄松港
1983, 36.6441989, 139.0339491, サンポウ
1984, 32.6736489, 131.765623, 須美江港
1985, 32.2561603, 131.5591016, 都農漁港
1986, 32.5113818, 131.6835548, 土々呂港
1987, 32.5217496, 131.6880715, 延岡新港
1988, 32.2120869949472, 131.320638491725, 一ツ瀬川河口
1989, 31.4491579, 131.2065632, 福島港・岸壁
1990, 31.5771414288263, 131.326614034409, 細田川河口
1991, 32.3336942, 131.6060936, 耳川河口・美々津港
1992, 31.9060386, 131.4575151, 宮崎港
1993, 31.9284351, 131.4676889, みやざき臨海公園
1994, 32.6959165, 131.8426898, 宮野浦港
1995, 30.43249, 130.5711892, 宮之浦港
1996, 31.4949345, 131.38348, 夫婦浦港
1997, 31.5590134, 131.3902221, (遊)マリンボート大堂津
1998, 32.0291716, 130.1915728, 阿久根新港
1999, 31.0743382, 130.6854309, 伊座敷港
2000, 31.2424481, 130.6521459, 指宿港
2001, 31.2916694, 130.6039187, 岩本漁港
2002, 31.6001699, 130.7869459, 浮津港
2003, 31.6151451, 130.8019772, 牛根境港
2004, 31.6541669, 130.3177013, 江口漁港
2005, 31.4225816, 130.1705844, 大当港
2006, 31.023607, 130.6869463, 大泊港
2007, 31.5418061, 130.7209264, 海潟漁港
2008, 31.5804337, 130.5687192, 鹿児島新港
2009, 31.7277936, 130.6627788, 加治木港
2010, 31.419395, 130.180516, 片浦漁港
2011, 31.4048565, 130.7605062, 鹿屋港（古江港）
2012, 31.8458967, 129.84655, 上甑県民自然レクリエーション村
2013, 31.556997, 130.562078, 鴨池海づり公園
2014, 31.4281753, 130.5219544, 喜入港（瀬々串港）
2015, 31.3777866, 130.5485771, 喜入新港
2016, 31.7228008, 130.2528516, 串木野新港
2017, 31.4595641, 130.7183918, 柊原漁港
2018, 32.1060816, 130.1737646, 黒之瀬戸大橋下
2019, 32.0896768, 130.1849381, 黒之浜港
2020, 32.1258493, 130.3433554, 米ノ津港
2021, 31.5801549, 130.6270694, 桜島・赤水漁港
2022, 31.583333, 130.65, 桜島・有村港（7番避難港）
2023, 31.5917363, 130.5944918, 桜島海づり公園
2024, 31.583333, 130.65, 桜島・浦之前漁港（10番避難港）
2025, 31.6263711, 130.6646729, 桜島・白浜港（13番避難港）
2026, 32.1081019, 130.1406185, 汐見漁港
2027, 31.7013649, 130.6165523, 重富漁港
2028, 31.4610217, 131.0981505, 志布志港
2029, 31.060784, 130.67785, 島泊港
2030, 31.8463602, 130.20756, 川内港・導流堤
2031, 31.352386, 130.7994461, 高須港
2032, 31.4927791, 130.7010327, 垂水新港
2033, 31.1654186, 130.5918016, 児ヶ水漁港
2034, 31.7789578, 130.1811366, 土川漁港
2035, 31.7291196, 130.6965281, 永浜漁港
2036, 31.413565, 130.1328712, 野間池港
2037, 32.1243517, 130.2157622, 八郷港
2038, 31.3422727, 131.0293197, 波見港（東串良港）
2039, 31.7168406, 130.7280283, 隼人新港
2040, 31.4560517, 130.5146371, 平川ヨットハーバー
2041, 32.0792057, 130.1792842, 深田港
2042, 31.6743085, 130.8178988, 福山漁港
2043, 31.5771623, 130.8019772, 二川漁港
2044, 32.2130493, 130.1241131, 茅屋港
2045, 31.2728662, 130.2966917, 枕崎港
2046, 31.48434, 130.692, 元垂水港・垂水港
2047, 31.2045863, 130.6438746, 山川外港
2048, 31.204989, 130.6347912, 山川港
2049, 31.6940517, 130.7990501, 若尊鼻
2050, 26.371065, 127.8748308, 赤野漁港
2051, 26.1791247, 127.826873, 安座真港
2052, 26.2957515, 127.8128915, 熱田漁港
2053, 26.7413923, 128.3186093, 安波漁港
2054, 26.6135763, 127.9175247, 安和
2055, 26.3188891, 127.8326572, 泡瀬一文字
2056, 26.3188891, 127.8326572, 泡瀬埋め立て地
2057, 26.319779, 127.840797, 泡瀬韓日館裏
2058, 26.3220402, 127.8353716, 泡瀬漁港
2059, 26.3188891, 127.8326572, 泡瀬橋
2060, 26.3188891, 127.8326572, 泡瀬ヨットハーバー
2061, 26.3850994, 127.9919491, 伊計島漁港
2062, 26.4293387, 127.8298877, 石川漁港
2063, 26.2300663, 127.6802558, いゆまちうら
2064, 26.1900667, 127.8119085, 海野漁港
2065, 26.6722294, 128.0022873, 運天原
2066, 26.1293214, 127.7724548, 奥武島
2067, 26.23661, 127.6809258, 海邦港
2068, 26.3303856, 127.8390438, 海邦公園
2069, 26.4733529, 127.9563779, 漢那漁港
2070, 26.5436012, 127.973162, 許田
2071, 26.2506428, 127.7022998, キンサー前
2072, 26.4561898, 127.9259867, 金武
2073, 26.4938192, 127.838225, 宜志富島
2074, 26.8490558, 128.2536448, 宜名真漁港
2075, 26.4776585, 127.9914153, 宜野座漁港
2076, 26.2863497, 127.7442184, 宜野湾漁港
2077, 26.2815391, 127.7785065, 宜野湾浄水場横
2078, 26.2815391, 127.7785065, 宜野湾マリーナ
2079, 26.3887266, 127.8051669, 倉敷ダム下流
2080, 26.1188125, 127.7476875, 具志頭浜
2081, 26.6002962, 128.1365899, 慶佐次漁港
2082, 26.3013587, 127.8386278, 潮乃森
2083, 26.6657489, 128.1146895, 塩屋湾
2084, 26.1485431, 127.807444, 志喜屋漁港
2085, 26.3067928000029, 127.77424877104, 白比川
2086, 26.3067928000029, 127.77424877104, 白比川河口
2087, 26.699543, 127.894992, 新里漁港
2088, 26.8037927, 128.3060321, 楚洲
2089, 26.251838, 127.94005, 津堅島
2090, 26.251838, 127.94005, 津堅フェリー付き場
2091, 26.5519278, 128.0633703, 汀間漁港
2092, 26.1900237, 127.7743415, 当添漁港
2093, 26.3069922, 127.8061146, 渡口川
2094, 26.6295433, 128.0261517, 仲尾次漁港
2095, 26.5733955, 127.9829109, 名護曲前
2096, 26.5872389, 127.9825331, 名護漁港
2097, 26.2125758, 127.6790208, 那覇一文字
2098, 26.2280014, 127.6791934, 那覇港・泊漁港
2099, 26.4541879, 127.9424961, ネイチャーみらい館横
2100, 26.328468, 127.9564918, 浜比嘉島・浜漁港
2101, 26.3213245, 127.9585947, 浜比嘉堤防
2102, 26.1820306, 127.7767733, 馬天港
2103, 26.3669231740058, 127.767604130962, 比謝川河口
2104, 26.3125603, 127.8279033, 比屋根湿地
2105, 26.2782589205069, 127.77292049513, 普天間川
2106, 26.3395258, 127.956579, 平安座漁港
2107, 26.342154, 127.9587111, 平安座島
2108, 26.7481548, 128.1776542, 辺土名漁港
2109, 26.4490957, 127.8018804, 前兼久漁港
2110, 26.2197799, 127.6639307, 三重城港
2111, 34.8455893, 133.2067228, 水辺公園
2112, 26.1238099, 127.760691, 港川漁港
2113, 26.331109, 127.872932, 南原漁港
2114, 26.640653, 127.880274, 本部港
2115, 26.6726067, 128.0230443, 屋我地漁港
2116, 26.6705839, 128.015522, 屋我地島
2117, 26.3207921, 127.9153567, 屋慶名漁港
2118, 26.3214621, 127.9165141, 藪地大橋
2119, 26.319459, 127.9241506, 薮地島
2120, 26.2585094, 127.793524, 吉の浦公園
2121, 26.2065849, 127.7662684, 与那原マリンタウン